user_id,name,surname
4471,Hector,Flowers
7657,Matthew,Cox
7949,Theresa,Bentley
13660,Laura,Banks
18688,Christine,Powers
20229,Candice,Chase
25625,Tony,Williams
30374,Crystal,Avila
39536,Veronica,Kim
43078,Michelle,Parker
45915,Kelly,Lewis
50975,Jesus,Giles
51776,Melissa,Mann
54299,Michael,Anderson
55829,Sydney,Brown
57606,Tonya,Mcbride
61006,Aaron,Hawkins
63104,Dustin,Mitchell
68654,Christian,Lloyd
75944,Michael,Ross
77389,Angela,Cherry
81923,Leah,Young
82175,Amber,Mcguire
83531,Kyle,Friedman
84338,Kyle,Cohen
84790,Justin,Perez
87014,Sharon,West
90408,Daniel,Cochran
94917,Nicholas,Atkinson
95275,Krista,Anderson
95579,Caitlin,Gonzalez
98655,Melissa,Johnson
98901,Ashley,Smith
103204,Melinda,Cohen
104210,Janet,Cole
104408,Christopher,Willis
105946,David,Williams
106586,Abigail,Harper
109871,Christopher,Moyer
111877,Brandon,Sutton
112662,David,Baker
113079,Nancy,Taylor
114340,Stephanie,Roy
124972,Samuel,Mccall
128686,Barbara,Martinez
130907,Matthew,Wilson
131301,Tyler,Harper
132052,Henry,Nelson
132883,Sheila,Smith
133565,Jeremy,Cooke
134713,Kimberly,Fowler
141192,Kimberly,Gilbert
142487,Judy,Jones
142989,Ryan,Williams
143326,Vanessa,Freeman
144021,Karla,Hunt
145586,Thomas,Clay
147123,Nancy,Simmons
148305,Patty,Jones
150072,David,Johnson
158230,Danielle,Williams
159607,Michael,Edwards
162701,James,Cook
168139,Timothy,Webb
171456,John,Obrien
172263,Rebekah,Hancock
175637,Heather,Jones
178429,Levi,Reynolds
179832,Deanna,Gibson
183428,John,Escobar
184042,Pamela,James
184176,Jason,Guerra
184693,Holly,Frank
185723,Kevin,Schwartz
186485,Rebecca,Martinez
197119,Heather,Sanchez
197511,Tracy,Goodman
199871,Dustin,Warren
201255,John,Cox
202863,Stephen,Holmes
203271,Christopher,Hughes
212797,Steven,Stokes
213203,George,Gonzalez
214276,Joseph,Nelson
214835,Alex,Williams
216154,Bradley,Wright
216570,John,Cain
218515,Amanda,Pierce
220089,Jessica,Harris
221799,Becky,Cameron
224101,Ryan,Cochran
226435,Michael,Lara
243423,Debbie,Clark
243905,Kara,Hopkins
246738,Ashley,Ramirez
248623,Brenda,Brown
249362,Tiffany,Pope
250502,Linda,Munoz
251361,Shawn,Fletcher
251582,Jennifer,Davis
257278,Aimee,Rivera
259229,Travis,Vasquez
259435,Kimberly,Phillips
260973,Sean,Graves
270946,Anne,Carter
271439,Latasha,Ross
272881,Gabriela,Kemp
277420,Charlotte,Bennett
278206,Michael,Butler
278666,Sara,Barber
279504,Emily,Stephens
279689,Valerie,Newman
280431,Brianna,Barton
287867,Brandi,Johnson
288380,Brittney,Lopez
295729,James,Obrien
299055,Pamela,Mccarthy
303845,Monica,Rogers
304339,Amy,Calderon
306594,Jesse,Rodriguez
313028,Nancy,Hernandez
313198,Rodney,Gonzalez
313365,Beth,Reyes
320385,Brandon,Bishop
323063,Jonathan,Holmes
325772,Mary,Morris
326460,Gavin,Stewart
329765,Crystal,Smith
341324,Kyle,Jackson
348849,Jared,Ballard
349137,Bonnie,Cross
352059,Dale,Sanchez
353616,Robert,Roberts
353655,David,Tucker
353738,Nicholas,Smith
354615,Rebecca,Gregory
354921,Mallory,Harding
358486,Charles,Lucas
358738,Mark,Lopez
359010,James,Ruiz
360220,Jasmine,Cooke
361930,Stephanie,Jennings
362139,Matthew,Garner
364585,Alejandro,Bean
367980,Robyn,Brown
371544,James,Combs
373439,Ricky,Figueroa
378073,Nathan,Lewis
379974,Michelle,Kane
382485,Phyllis,Daniel
382675,Kyle,Kaiser
383337,Roy,Patrick
389788,Lisa,Baker
391014,Nicholas,Dillon
393011,Andrea,Nguyen
393135,Courtney,Haney
393517,Marcus,Larson
401552,Benjamin,Gordon
403089,Jeffrey,Benitez
405032,Shannon,Thomas
415236,Charles,Black
426735,Ricardo,Snow
427016,Jennifer,Patel
433298,Kylie,Lewis
439843,Michael,Richardson
444776,Larry,Cantu
447969,Clifford,Navarro
448298,Suzanne,Moreno
448981,Natasha,Ramirez
450307,Matthew,Smith
454892,John,Bruce
455325,John,Rogers
455774,Raymond,Rose
460595,Franklin,Wright
468093,Alex,Hawkins
470076,Lisa,Conway
472777,Laura,Jackson
476555,Kathryn,White
477923,Monique,Fuller
481178,Laurie,Johnson
485450,Dustin,Taylor
487095,Gina,Johnson
492709,Jamie,Lawrence
493674,Randy,Dougherty
495849,Theresa,Becker
498646,Brooke,Ayers
499252,Anna,Francis
499977,Timothy,King
500492,Erika,Johnson
501022,Patricia,Newton
501693,Amanda,Mccoy
501716,Christopher,Harris
505715,Daniel,Morrow
506544,Ashley,Reilly
508566,Stephanie,Gordon
513331,Patricia,Welch
517159,Michael,Robinson
517667,Tina,Reilly
525526,Victor,Craig
527760,Michael,Macias
529463,Jeff,Evans
531124,Tiffany,Harris
531620,Briana,Nelson
533936,Robin,Lopez
534128,Michael,Ellis
534515,Stephanie,Castillo
534674,Jeremiah,Smith
535354,Paul,Rodriguez
536849,Melissa,Woods
541124,Nancy,Lloyd
547389,Alan,Williams
551154,Justin,Brown
555653,Christina,Richardson
556748,Douglas,Swanson
558342,Brooke,Walter
559657,Jay,Hernandez
567091,Patricia,Li
570908,Sherri,Chandler
571765,Diana,Hoffman
574579,Patricia,Stewart
575104,Christopher,Jones
583895,Andre,Clark
584351,Mary,Murphy
586725,Michael,Rose
588970,Amber,Griffin
589231,Raymond,Davenport
590472,Kevin,Tapia
594417,Jimmy,Gould
596469,Beth,Munoz
597692,Stacey,Stewart
604816,Alicia,Torres
605612,Nicole,Grimes
606925,Patricia,Wells
607196,Michael,Taylor
614637,Ernest,Ponce
615583,Dean,Miller
615928,Steven,Calderon
617086,Edward,Tran
618162,April,Morris
620645,Betty,Jones
625823,David,Castillo
626846,Sandra,Tran
629319,Elizabeth,Barber
629940,Timothy,Perry
630482,Amber,Nguyen
631880,Allen,Johnson
632027,Michelle,Moore
632589,Kimberly,Keith
636269,Caleb,Curry
637930,Rita,Burke
639003,Leslie,Johnson
640422,Billy,Parsons
641820,Christopher,Cook
643984,David,Long
646892,Brittany,Costa
650803,Timothy,Decker
655088,Nancy,Castillo
657339,Douglas,Jones
662075,Cheryl,Caldwell
663442,Bruce,Levy
664004,Christopher,Santiago
666234,Gerald,Gallagher
666482,Kelly,Nelson
666515,Heather,Summers
666910,Kayla,Martin
667405,Katherine,Wood
667588,Michael,Valencia
668411,Jacqueline,Olson
668743,Darren,Perry
669927,Jason,Hunter
670835,Melanie,Lozano
681897,Sarah,Harris
687122,Shawn,Holden
688178,Jeffrey,Stanton
690223,Cassandra,Black
694448,Justin,Roach
697532,Mark,Obrien
698254,Tracy,Floyd
711451,James,Harris
716597,Samantha,Salazar
717347,Eugene,Burton
722875,Monica,Joseph
726600,Mary,Gomez
727318,Jenna,Alexander
729132,Karen,Rice
730584,Gerald,Stanton
733586,Michael,Marshall
739262,Christopher,Wagner
740087,Stephanie,Clark
742076,Steven,James
749212,Amanda,Alexander
749471,Michele,Grimes
752766,Brian,Day
754749,Kellie,Contreras
757117,Eric,Jones
762655,Mason,Jones
762803,Michael,Brown
762835,Noah,Russell
764939,Kyle,Peterson
766795,Steven,Wilson
767802,Brittany,Cannon
776552,Amy,Griffin
777733,Danielle,Taylor
780107,Brian,Hernandez
780884,Michelle,Ball
785052,John,Monroe
793315,Alejandra,Terry
796746,Mallory,Hoffman
798081,Sierra,Brown
801322,Mary,Richardson
804918,Eddie,Reyes
809369,Doris,Garcia
814490,Michelle,Howard
815523,Melinda,Smith
816497,Donald,Butler
816973,Nathan,Rios
819727,Lauren,Ward
830231,Carla,Sellers
832244,Dwayne,Miller
832561,Bailey,Barker
833830,Linda,Duran
841972,Stacey,Johnson
844212,Brian,Klein
845407,Tara,Bennett
850124,Michael,Burgess
850485,Jane,Williams
850594,Justin,Cochran
850654,Jessica,Spencer
852616,Karen,Sims
854265,Daniel,Wolfe
855709,Linda,Stephens
857401,Troy,Bradley
863189,Melissa,Oliver
865862,Rodney,Rose
868353,David,Nunez
868939,Kathleen,Pugh
869226,Elizabeth,Gibbs
874563,Jeremy,Munoz
888140,Tracy,Daniel
894783,James,Moore
897250,Christopher,Wallace
901218,Jillian,Brown
901391,Andres,Cooke
901541,Peter,Chan
906034,Kimberly,Wang
908385,Cody,Rodgers
909121,Tiffany,Moore
916632,Rose,Stewart
923503,Wendy,Owens
923954,David,Clark
927713,Anthony,Butler
930546,Edward,Dorsey
939013,Robert,Lyons
939771,Bobby,Suarez
943216,Todd,Flores
953107,Gregory,Jones
955900,Aimee,Mcbride
956412,Lisa,Brown
963251,Katie,Livingston
967721,Sean,Hayes
968703,Jonathan,Cook
975399,Heather,Powell
993166,James,Lopez
996626,Alexis,Rowe
997191,Duane,Turner
1004721,Thomas,Nash
1007671,Mary,Nelson
1007756,Cindy,Cobb
1008659,Leslie,Wilkerson
1014367,Zachary,Smith
1015305,Frances,Rice
1016679,Christopher,Smith
1018598,Jessica,Brock
1019076,Jason,Wilson
1020814,Benjamin,Cortez
1022729,James,Cook
1025742,John,Banks
1028225,Alex,Vasquez
1031664,Stacey,Cunningham
1032059,Robert,Branch
1033834,Perry,Cummings
1034239,Donna,Holt
1035387,Melissa,Johnson
1037350,Margaret,Harrison
1090760,John,Wang
1091014,Lisa,Townsend
1095831,Christina,Reyes
1102069,Samantha,Figueroa
1102227,Jason,Brown
1123843,Jordan,Brown
1125117,Cheryl,Whitney
1126047,Matthew,Walker
1130651,Anthony,Wilson
1134200,Charles,Rice
1134989,Nancy,Ross
1143185,Joe,Ingram
1150912,Maxwell,Smith
1154066,Tanner,Greene
1154748,Mark,Rodriguez
1156753,Julie,Bennett
1157300,Dominic,Fisher
1158566,Anthony,Robertson
1161751,Stephanie,Davidson
1161759,Rachel,Washington
1172225,Maria,Miller
1174648,Kimberly,Mckee
1180745,Sarah,Flores
1188602,Frank,Moore
1195762,Linda,Underwood
1197146,Laura,Stephens
1197551,Bryan,Foster
1199481,Kristy,Brown
1212528,Annette,Murray
1212696,Amanda,Hanna
1213250,Lauren,Woodward
1214627,Christopher,Townsend
1216993,Judith,Booth
1222319,Bonnie,Rodriguez
1227520,Jacob,Mitchell
1232849,Lisa,Lewis
1249835,Jonathan,Hicks
1252076,Bradley,Mcclain
1252195,Karen,Harris
1258143,Michael,Brown
1259939,Michael,Scott
1261556,Dawn,Wilson
1261716,Stephanie,Campbell
1261854,Jillian,Melton
1277506,Keith,Williams
1280726,Jean,Owens
1284868,Brandon,Castro
1290565,Tammy,Cline
1295544,Peter,Owens
1298910,Aaron,Nichols
1304051,Charlotte,Hammond
1311958,Karen,Ryan
1321640,Kelly,Owens
1324004,Patrick,Smith
1324861,Jeffrey,Miller
1328949,Juan,Foster
1331093,Jeremy,Carr
1341346,Heidi,Bowers
1344679,Robert,Marks
1351779,Andrew,Davis
1351865,Holly,Sanchez
1363151,April,Mason
1364024,Anne,Taylor
1367452,Sheila,Clarke
1372268,Elijah,Boyd
1373873,Melissa,Wilson
1375487,Travis,Taylor
1379376,Amanda,Davis
1383839,Christina,Burke
1384087,Jesse,Jones
1393176,Benjamin,Allen
1400581,William,Parks
1402154,Anna,Carter
1406073,Anthony,Turner
1412541,Jennifer,Ross
1425732,Doris,Lee
1438849,Barbara,Guzman
1438997,Laurie,Kim
1444732,William,Graham
1446452,Zachary,Davis
1450378,Kristine,Gilmore
1454988,Kevin,Carney
1466005,Thomas,Shaw
1466179,Sarah,Stewart
1470685,Roberta,Cannon
1473247,Joshua,Rivers
1474149,Latoya,Delgado
1478367,Ashley,Gilbert
1479317,Krista,Johnson
1484114,Jesse,Garcia
1486127,John,Luna
1490932,Paul,Frank
1492941,Evelyn,Davis
1495032,Karen,Stewart
1496188,Angela,Murray
1512059,Anthony,Mcguire
1514794,Nicholas,Walker
1518924,Leslie,Green
1522694,Amanda,Wallace
1523541,Ricardo,Dixon
1526314,Sarah,Buck
1528106,John,Carter
1533902,Kathryn,Goodman
1537679,Amanda,Merritt
1539900,Robert,Perez
1545438,Brian,Mcdowell
1550728,Matthew,Parker
1552065,Linda,Maynard
1555584,Joseph,Mccarty
1561348,Susan,Taylor
1567773,Barbara,Mejia
1574604,Sara,Sandoval
1574618,Lindsey,Lewis
1575957,Angie,Jones
1581013,Melanie,James
1582075,Steve,Mills
1596220,Lori,Howard
1598163,Christian,Hansen
1599459,Jordan,Nash
1610012,Ronald,Johnson
1611911,Lisa,Carroll
1614623,Meredith,Bryant
1623319,Carol,Allen
1625657,Colleen,Ward
1625992,Denise,Russell
1630946,Abigail,Thompson
1636350,Wendy,Scott
1637211,Timothy,Stokes
1638637,Veronica,Moore
1643093,Carolyn,Gomez
1652272,Tammy,Munoz
1661794,Randall,Hopkins
1666293,Amy,Oliver
1666455,Ryan,Wilson
1670107,Jonathan,Hernandez
1672455,Lauren,Perkins
1678443,Anthony,Hart
1681063,Alisha,Tran
1687018,Jimmy,Miller
1689652,Katelyn,King
1690395,Samuel,Glass
1690860,Chelsea,Wu
1693976,Carla,Lopez
1694537,Nicole,Day
1698355,Steven,Holt
1701295,Christy,Contreras
1703448,Megan,Young
1706029,Isabella,Miller
1707161,Destiny,Bradley
1713273,Ryan,Cain
1713427,Megan,Bond
1713524,Stephanie,Perez
1714866,Robert,Christian
1716726,Beth,Sanders
1716948,Xavier,Diaz
1719263,Raymond,Fletcher
1721158,Shelby,Mason
1722268,Jesse,Walls
1722284,Guy,Adams
1727213,Emily,Gallegos
1727499,Taylor,Montes
1729503,Samantha,Lawrence
1732194,Amanda,Daniel
1732442,Victoria,Mora
1734706,Candice,Jensen
1735355,Kyle,Rodriguez
1735631,Ryan,Ryan
1737416,Bethany,Gordon
1738288,Brooke,Collier
1743454,Catherine,Thomas
1751133,James,Davis
1752184,Craig,Downs
1752187,Kimberly,Montgomery
1752963,Brandon,Roberts
1754153,Marissa,Grant
1759300,James,Frederick
1764757,Joseph,Mccoy
1766434,Susan,Barry
1766664,Kellie,Smith
1767251,Brittany,Scott
1768272,Ariel,Johnson
1773030,Randy,Roberts
1775889,Yvonne,Davis
1776384,Terri,Livingston
1779204,Kelly,Williams
1780492,Tommy,Swanson
1780639,Stephen,Price
1784115,Lisa,Powell
1784424,Thomas,Robinson
1796148,Joshua,Hawkins
1797940,Kelsey,Price
1805759,Troy,Yu
1808467,Timothy,Stout
1816615,Maurice,Mcdonald
1824105,Diana,Fisher
1836617,James,Harrison
1842675,Anthony,Davis
1843216,Robert,Price
1845866,Linda,Fletcher
1846511,Vanessa,Cannon
1860636,Jason,Haley
1871034,John,Edwards
1875275,Michael,Aguilar
1878217,Shelley,Myers
1879320,Stephanie,Cruz
1882099,Debra,Brown
1882342,Kristie,Schmitt
1886218,Bobby,Olson
1888740,Kimberly,Rose
1888816,Duane,Bell
1891224,Veronica,Sutton
1892467,Joshua,White
1893190,Samantha,Terry
1895571,Isaac,Taylor
1897684,Tina,French
1901258,Karen,Carpenter
1906079,Andrew,Skinner
1906089,Daniel,Jones
1907168,Patrick,Fletcher
1912301,Carmen,Newman
1914413,Linda,Vazquez
1921269,David,Contreras
1921419,Emily,Williams
1932547,Rachel,Wright
1933055,Emily,Morgan
1941314,Jason,Leonard
1958516,Gabriel,Valencia
1973073,Tanya,Hernandez
1973600,Emily,Archer
1973909,Louis,Johnson
1975692,Carolyn,Yates
1978931,Raymond,Martin
1981346,Makayla,Porter
1985408,Helen,Alvarez
1996673,Abigail,Rice
2007989,Angela,Sanders
2014199,Kathryn,Steele
2014291,Monica,Davidson
2015147,Jennifer,Hill
2024487,Jeffery,Weiss
2030526,Brian,Martinez
2036230,Cody,Martinez
2044655,Robin,Blackwell
2046687,Sandra,Gonzales
2051244,Collin,Myers
2055173,Christopher,Nelson
2063853,Thomas,Allen
2067322,Patricia,Garcia
2067969,Sarah,Schneider
2068619,Anthony,West
2070881,Larry,Reyes
2072617,Michael,Smith
2089783,Lisa,Young
2091178,Gary,Mitchell
2103364,Sandra,Mccoy
2106353,Sheila,Ray
2110713,Jennifer,Graham
2111994,Christina,Carey
2113813,Eric,Garcia
2116117,Elizabeth,Jensen
2134007,Jasmine,Schaefer
2136244,Jason,Hernandez
2138089,Stephen,Graves
2138292,Judy,Gilbert
2143692,Charles,Coleman
2144267,Christine,Hayden
2146727,Trevor,Jackson
2160306,Gail,Kirby
2160658,Jacob,Reeves
2174652,Jesse,Valdez
2181260,Anthony,Lloyd
2184106,Angela,Parker
2192639,Frederick,Miller
2198139,William,Jones
2201302,Sandra,Huynh
2204122,Adam,Brown
2206218,Danielle,Dillon
2207211,Jason,Mathis
2214378,Mark,Franco
2216745,Devin,Terry
2228777,Toni,Stephens
2228918,Julie,Spencer
2230279,Brenda,Edwards
2230366,Scott,Mason
2234888,Mark,Nelson
2236658,Kelly,Burton
2241665,Christopher,Murphy
2242135,Alyssa,Beasley
2249249,Karen,Kelly
2251738,Courtney,Osborne
2266063,Thomas,Johnson
2267090,Sandra,Rogers
2267893,Ashley,Powell
2274703,Christina,Bailey
2275067,Joyce,Sanchez
2289022,Kevin,Cooper
2290984,Matthew,Davis
2296476,Nicholas,Decker
2306608,Jennifer,Hoover
2307294,Sean,Browning
2312712,Angela,Gutierrez
2320165,Tamara,Gonzalez
2321228,Renee,Hartman
2322563,Katelyn,Abbott
2328883,Erica,Smith
2332600,Sergio,Parker
2333408,Donna,Hernandez
2339512,Samuel,Craig
2341797,Jason,Fox
2346162,Jesus,Butler
2347489,Reginald,Wolfe
2354430,Christopher,Steele
2365844,Kyle,Mason
2368664,Charles,Gordon
2376402,Russell,Espinoza
2378770,Scott,Wood
2385022,Karen,Smith
2386672,Lisa,Wiggins
2388391,Breanna,Best
2415998,Lisa,Kaufman
2418659,Brandon,Vazquez
2419618,Madison,Collins
2420848,Kevin,Patel
2423382,Jennifer,Sanders
2425572,Anna,Scott
2425848,Victoria,Hood
2426135,Martin,Compton
2427722,Dylan,Reynolds
2433045,Connie,Odom
2433119,Raymond,Zavala
2436735,Dennis,Blanchard
2438576,Rachel,Lee
2438997,William,Friedman
2444553,Donald,Wright
2456671,Matthew,Mayo
2457966,Crystal,Franklin
2467212,Tara,Dodson
2480913,John,Hess
2486967,Jeremy,King
2489796,Alicia,Tyler
2490553,Rebecca,Cook
2501740,Paul,Burns
2502338,Marvin,Bradshaw
2506715,Lindsey,Perry
2514600,William,Robinson
2517520,Elizabeth,Nelson
2519411,Elizabeth,Kramer
2531094,Lisa,Hodge
2536524,Eileen,Richardson
2537508,Jordan,Roberts
2538187,Charles,Torres
2546805,Robert,Sutton
2548636,Belinda,Gutierrez
2550020,Brenda,Walker
2555202,Mary,Johnson
2555586,Kathy,Fox
2556415,Lisa,Pittman
2563986,Thomas,Davis
2564339,Malik,Farmer
2566589,Jason,Scott
2569814,Andres,Smith
2576044,Kevin,Gomez
2579533,Marie,Jennings
2581715,Thomas,Mitchell
2582956,Jason,Forbes
2585897,Joseph,Evans
2595685,Martha,Beard
2613319,Angela,Cox
2613465,Gary,Morgan
2615199,Robert,Boyd
2616130,John,Neal
2629058,Molly,Briggs
2638528,Breanna,Jarvis
2659070,Rebecca,Gonzalez
2661721,Steven,Rodriguez
2662680,James,Patrick
2666222,John,Lee
2673517,Kara,Becker
2677222,Anthony,Brewer
2678039,John,Bishop
2680319,Karen,Wallace
2690005,Monica,Oliver
2695144,Donald,Griffith
2695670,Chelsea,Johnson
2702003,Kelly,Martinez
2704944,Danielle,Bryant
2706284,James,Gonzalez
2711109,Allison,Ramirez
2713304,Kimberly,Contreras
2715178,Sean,Kidd
2750053,Bryan,Anderson
2759952,Renee,Willis
2760205,Richard,Hodge
2773350,Alec,Hale
2774042,Corey,Taylor
2777909,Lydia,Lynch
2779192,Joshua,Leonard
2782657,Robert,Fisher
2783896,Bradley,Thomas
2785251,Lindsay,Cantu
2792469,Jasmine,Waters
2795931,Heidi,Hamilton
2801872,Megan,Webster
2805706,Paul,Gonzalez
2807143,Kathleen,Williams
2812136,Austin,Allen
2829012,Vanessa,Burton
2833018,Heidi,Turner
2847013,Robert,Taylor
2847268,Chris,Lane
2855676,Donna,Smith
2857793,Ashley,Torres
2861503,Pamela,Flynn
2864064,Ryan,Garner
2902269,Adam,Woods
2913511,Lauren,Mueller
2913620,Jeffrey,Wallace
2929689,Robyn,Lane
2933277,Debbie,Crawford
2948490,Jasmin,Hall
2950560,Luke,Moore
2960080,Robert,Thompson
2961306,Henry,Cohen
2972088,Ashley,Owen
2974099,Gregory,Baker
2975978,Mary,Collins
2980994,Jeanne,Schwartz
2986330,Alyssa,Robles
2990747,Rodney,Wolfe
2991925,Emily,Fisher
2992542,Evan,Jensen
2993477,Albert,Johnson
2999894,Kendra,Gilmore
3007894,Joshua,Ponce
3010452,Jose,Benjamin
3014768,Kelly,Sharp
3017315,Sandra,Marshall
3021792,Michael,Steele
3028250,Andre,Andrews
3034792,Darius,Williams
3039427,Jessica,Thomas
3044813,Laurie,Smith
3048290,Ashley,Jones
3053021,Rita,Torres
3061481,Stacy,Gonzalez
3063199,Steven,Hensley
3063447,Andrea,Matthews
3064577,Kimberly,Jones
3078283,Samantha,Cox
3083806,Wendy,Gonzales
3114697,Reginald,Horton
3121587,Penny,Baldwin
3138116,Bianca,Mueller
3140366,Jessica,Newton
3141727,Angela,Robinson
3146021,Stephanie,Baker
3159201,Christopher,Fletcher
3166808,Alex,Brown
3167870,David,Foster
3170984,Stacy,Martin
3184255,Mary,Summers
3200982,Evan,Frederick
3214130,Amber,Mckay
3218401,David,Daniel
3219367,Michelle,Taylor
3226403,David,Young
3233170,Jennifer,Compton
3239001,Deanna,Boyd
3244177,Kevin,Williams
3244704,Ryan,Chavez
3246066,Anthony,Smith
3249358,Lindsay,Choi
3249727,Ryan,Vega
3256084,Darren,West
3268929,Amanda,Johnson
3269585,Andrea,Rodriguez
3271859,Noah,Washington
3276060,Jennifer,Cruz
3283443,Janet,Murray
3284847,Elizabeth,Thompson
3289516,Michael,Patel
3290138,Denise,Merritt
3299654,Kyle,Jones
3314228,Michele,Hendrix
3317937,Paul,Jordan
3329487,Laura,Griffith
3331390,Rachael,Williams
3340282,Mark,Williams
3341357,Eric,Shepherd
3352121,Ralph,Flores
3357259,Tracey,Wilson
3360170,Mary,Smith
3360478,Autumn,Rice
3374521,Cheryl,Moss
3375615,Timothy,Jones
3376373,David,Fletcher
3385307,James,Gutierrez
3388992,Alexis,Pope
3389884,Shannon,Wright
3392965,Taylor,Simpson
3400221,Evan,Cline
3404744,Anita,Buck
3415995,Erica,Rivera
3422369,Tanner,Richard
3427732,Michael,Navarro
3438657,Matthew,Garcia
3440981,Holly,Malone
3451589,Stephen,Green
3451933,Mary,Baker
3457974,Gary,Freeman
3459414,Judy,Zimmerman
3466426,Douglas,Spencer
3467597,Roy,Stevens
3471879,Tiffany,Wilson
3477407,Claudia,Colon
3487329,Kimberly,Schneider
3488397,Catherine,Hardin
3494012,Eric,Burke
3515638,Dennis,Lee
3524291,Theresa,Anderson
3532893,James,Norman
3540266,Connor,Garcia
3540348,Kayla,Tucker
3542803,Ryan,Smith
3544353,Tracie,Schroeder
3560191,Preston,Rangel
3567721,Paul,Thomas
3569462,Shelby,Morris
3571619,Donald,Cox
3572941,Amanda,Tran
3583801,Tammy,White
3585435,Sandra,Brown
3586915,Andrew,Patrick
3587724,Tammy,Serrano
3591751,Wayne,Andrews
3604783,Matthew,Chapman
3606346,Angela,Wolfe
3612732,Destiny,Peters
3615431,Maxwell,King
3631892,Walter,Gonzalez
3648882,Mark,Mcdaniel
3654886,Melanie,Horne
3661209,Karen,Parker
3677192,Randall,Sanchez
3691303,Stacey,Martin
3691622,Betty,Perry
3698406,Laura,Rich
3716729,Jason,Davis
3724500,Jamie,Gardner
3746437,Scott,Dawson
3747503,Nathaniel,Butler
3747785,Heather,Tucker
3768609,Jennifer,Olson
3771869,Alejandro,Rasmussen
3776136,Emma,Ali
3797913,Mindy,Avila
3798919,Linda,Woods
3801204,Wendy,Wagner
3821608,Christina,Morton
3825783,Robert,Mullen
3851130,Stephanie,Mack
3854057,Daniel,Harris
3865971,Rose,Dawson
3873681,Marie,Brown
3882652,Holly,Williams
3886293,Zachary,Wood
3896820,Stephanie,Ferrell
3898452,Cindy,Taylor
3913238,Cameron,Hartman
3917644,Martha,Vega
3921261,Joel,Ramirez
3926474,Laura,Smith
3931856,Elizabeth,Everett
3945807,Andrea,Herring
3951702,Felicia,Price
3952876,Thomas,Walker
3960415,Alison,Williams
3961468,Amanda,Rodriguez
3963763,Emily,Stone
3979812,Katherine,Woods
3980775,Randall,Haley
3983613,Justin,Klein
3990576,Daniel,Clark
3992149,David,Vasquez
3999512,Kimberly,Rodgers
3999813,Amy,Johnson
4003806,Lorraine,Green
4008643,Christopher,Johnson
4011109,Jo,Kelly
4012290,Adam,Pierce
4012305,Jacqueline,Jackson
4017832,Greg,Robinson
4023064,Peter,Hayes
4031079,Michael,Davis
4032439,Kristin,Smith
4036376,David,Allen
4039481,Calvin,Smith
4040731,Cathy,Thomas
4043145,Cheryl,Wilson
4053105,David,Hobbs
4055615,Brandon,Edwards
4057590,Catherine,Peters
4063962,Tammie,Foley
4068765,Brian,Mcdonald
4068912,Brian,Farrell
4068975,Theresa,Carlson
4072731,Raven,Allen
4072850,Jeremy,Anderson
4083688,Brian,Jackson
4083766,Michael,Carpenter
4094281,Charlotte,Murphy
4103486,Patricia,Miller
4112877,Kristin,White
4117025,Christina,Reyes
4117182,Michael,Rodriguez
4117638,Cynthia,Howard
4118311,William,Moon
4118414,Hannah,Lee
4122627,Christina,Pratt
4132185,Jennifer,Gomez
4144506,Darlene,Lynch
4146806,Brandon,Barrett
4147804,Paula,Davis
4152422,Timothy,Thompson
4159117,Chad,Larson
4170146,Jesse,Dawson
4173985,Mark,House
4180632,Melissa,Hernandez
4181071,Melissa,Collins
4190343,Daniel,Williams
4190662,Malik,White
4192385,Jessica,Cole
4196260,Kristen,Rodriguez
4198169,Maria,Miller
4200231,Ann,Chapman
4203067,Jennifer,Fischer
4219401,Susan,Mitchell
4229785,Nicole,Brown
4231218,Linda,Fisher
4235741,Megan,Brown
4247556,Karen,Allen
4261488,Valerie,Stephenson
4277536,Ashley,Beck
4279976,Jennifer,Santos
4280501,Alyssa,Jennings
4281126,Lee,Charles
4281552,Deborah,Velez
4286646,Carmen,Burns
4292037,Kara,Fry
4295035,Brandi,Kirby
4296584,Thomas,Hartman
4304796,Theresa,Smith
4310374,Amy,Smith
4312150,Catherine,Dunn
4324409,Gary,Robinson
4354906,Jonathan,Monroe
4356259,Chase,Hunt
4362028,Nicole,Williams
4363375,Kristen,Herman
4365768,Robin,Bryant
4394717,Anthony,Monroe
4395787,Amber,Williams
4396676,Anthony,Campos
4402910,David,Miller
4410687,Alexa,Robbins
4411911,Amy,Hayes
4416684,Gregory,Smith
4421755,Tommy,Tapia
4424070,Joe,Gilmore
4424222,Dustin,Torres
4425806,Rhonda,Norris
4433597,John,Lloyd
4440463,Martin,Cunningham
4443301,Patricia,Harper
4470274,Samantha,White
4473761,Jason,Lewis
4483085,Meredith,Garcia
4493328,James,Cortez
4499117,George,Koch
4499440,John,Oneill
4502639,Ryan,Elliott
4504807,Sharon,Barber
4522970,David,Perez
4530608,Tristan,Bell
4541610,Julie,Cruz
4566954,Whitney,Summers
4582755,Logan,Woods
4584357,Andrea,Jones
4586770,Megan,Clark
4590296,Jason,Ellis
4599639,Holly,Larson
4603165,Taylor,Bailey
4608940,Emily,Doyle
4609781,Cynthia,Davis
4614781,James,Davis
4615520,Jenna,Johnson
4619004,Mike,Lyons
4619928,Brian,Torres
4623812,Joseph,Drake
4630394,Timothy,Ramirez
4637788,Debra,Olson
4640741,Kyle,Foley
4649774,Anne,Castro
4651429,Luis,Hardin
4671830,Ryan,Rivera
4672394,Matthew,Sanchez
4677030,Darrell,Soto
4677458,Brian,Myers
4684397,Mason,Johnson
4684788,Ian,Wilson
4697070,David,Gonzalez
4698990,Craig,Orr
4701779,Alexis,Mccarthy
4703460,Whitney,Williams
4707905,Thomas,Wong
4710774,Patrick,Lyons
4720664,Robert,Miller
4726121,Veronica,Perkins
4735460,Lindsey,Neal
4739098,Matthew,Page
4740276,Kevin,Conley
4757700,Brian,Harris
4765475,Toni,Hamilton
4777959,Cody,Payne
4781287,Gina,Baker
4785575,Sandra,Smith
4790263,Gregory,Dean
4794368,Helen,Glenn
4794809,Brenda,Turner
4805049,Aaron,Marquez
4816357,Nicholas,Reynolds
4826927,Brian,Powers
4831338,Brenda,Cole
4839698,Savannah,Bennett
4839836,Evelyn,Collier
4839888,Christine,Rodriguez
4871062,Arthur,Johnson
4878355,Denise,Lopez
4896125,Oscar,Clark
4897332,Tammy,Moreno
4903694,Elizabeth,Winters
4905854,Deborah,Christian
4915549,Karen,Duncan
4917677,Linda,Graham
4930915,Christopher,Blackburn
4960577,John,Cooper
4967875,Mark,Phillips
4975799,Gabrielle,Vazquez
4977367,Vanessa,Johnson
4985595,Ronald,Gomez
5008613,Jamie,Nguyen
5009131,Jason,Ross
5012713,Rachel,James
5017696,Ronald,Cooper
5021059,James,Fernandez
5031865,Fernando,Johnson
5052379,Amanda,Galloway
5061502,Jack,Thompson
5084073,Justin,Rowland
5089465,Jessica,Sherman
5104546,Kristin,Phillips
5111823,Jennifer,Griffin
5114074,Heidi,Crawford
5120389,David,Wade
5126294,Rebecca,Murray
5132742,Daniel,Salazar
5137948,Gregg,Cardenas
5149901,Terry,Rollins
5166530,Emily,Brock
5175359,Joe,Brown
5199777,Cole,Barnes
5211661,Anna,Mathews
5239042,Tyler,Parker
5241995,Andrew,Rodriguez
5243337,Kathryn,Leach
5253877,James,Ochoa
5256556,William,Gonzalez
5258146,Angela,Palmer
5258664,Lisa,Ellis
5268389,Travis,Green
5269419,Kayla,Brown
5272576,Erica,Chan
5277146,Molly,Clark
5295902,Gabriel,Peterson
5300854,Jason,Beck
5302455,Tabitha,Odom
5327001,Ruth,Davis
5327838,Carlos,Garcia
5347216,Justin,Nguyen
5352011,Alan,Young
5352014,Kristin,Sullivan
5355357,Allison,Andrews
5356608,Carol,Smith
5359318,Terri,Smith
5360317,Felicia,Leonard
5382153,William,Pierce
5386601,James,Hernandez
5389129,Ana,Wood
5400382,William,Hampton
5407712,Natasha,Clayton
5433742,Tonya,Crawford
5460360,Cindy,Jones
5468850,Cindy,Hendrix
5488907,Colleen,Miller
5500409,Zachary,Miller
5505916,Kristin,Thompson
5510304,Scott,Santos
5524107,Jacob,Hicks
5542111,Susan,Castillo
5559754,Joseph,Smith
5572198,Alicia,Hudson
5606144,Jay,White
5618733,Michael,Williams
5619584,Brandy,Jones
5625865,Anthony,Burton
5627748,Ian,Mason
5633658,Mark,Hernandez
5637876,Eric,Johnston
5649948,Connie,Hampton
5650421,Patricia,Houston
5657175,Andrea,Jones
5663573,Jennifer,Hall
5675916,Monica,Gordon
5679859,Michelle,Mcintyre
5700903,Courtney,Barton
5708742,Alexis,Shaffer
5712606,Paul,Hicks
5712665,Kayla,Allen
5719307,Sarah,Brewer
5722524,Heather,Mccarthy
5730932,Lori,Torres
5735364,Robert,Allen
5751753,Steven,Wallace
5785483,Kimberly,Mitchell
5790036,Mary,Nolan
5795235,James,Greer
5798033,Breanna,Garcia
5801580,Mary,Oliver
5804109,Stacy,Lyons
5814460,Levi,Huang
5821776,Robert,Dunn
5824815,Alyssa,Wallace
5827632,Donna,Burton
5831420,Gina,Wright
5847708,Lisa,Cruz
5876034,Brianna,Mueller
5878098,Ebony,Hill
5883981,Randy,Melton
5886323,Angela,Baldwin
5894809,Michael,Young
5896428,Erin,Jones
5906378,Steven,Colon
5914366,Kevin,Reid
5918751,Michael,Cannon
5918969,Alexis,Wright
5937286,Kimberly,Mitchell
5943025,Marvin,Smith
5950981,Sheila,Carter
5955126,Jamie,Colon
5957200,Kathy,Garcia
5962535,Natalie,Welch
5967533,Samantha,Barnes
5973354,Leslie,Cooley
5997842,Lauren,George
6002223,Eugene,Martinez
6013868,Tracey,Collins
6019735,James,Vasquez
6031828,Jacob,Day
6063699,Arthur,Campbell
6074811,Carmen,Rose
6075016,Ashley,Lynn
6082176,Michael,Hess
6088779,Stephanie,Williams
6099461,Emily,English
6104199,Jeff,Lee
6104270,Luis,Hernandez
6111419,Deborah,Bennett
6112385,Amanda,Le
6117968,Susan,Galloway
6119221,Julia,Wilson
6121998,Nicholas,Wall
6122508,Mark,Klein
6124844,Nicholas,Thomas
6128225,Joseph,Morton
6130346,Christine,Martin
6145372,Melissa,Campbell
6146479,Tyrone,Gray
6179837,Manuel,Blanchard
6185065,Jerry,Johnson
6191568,Alex,Sanford
6191686,Jamie,Moss
6205683,Jessica,Graham
6211326,Robert,White
6228257,Anne,Williamson
6273017,Katherine,Barnes
6278765,Debbie,Gill
6284655,Tracy,Hansen
6319722,Christine,Johnson
6325689,Andrea,Davis
6333807,Anna,Ray
6363695,Andrea,Oliver
6397211,Amanda,Dixon
6421512,Katelyn,Myers
6427023,Wendy,Sosa
6436336,James,Carroll
6443996,Derek,Wiggins
6446557,Kristen,Wilcox
6459319,Nicole,Lara
6466920,Jessica,Bullock
6490189,Arthur,Cook
6523263,Ashley,Taylor
6552198,Christine,Hernandez
6566447,Jeremy,Valdez
6570814,Michelle,Ward
6571909,Rebecca,Campbell
6598518,Edward,Smith
6625456,Paula,Lewis
6626286,Mike,Rivera
6674578,Mark,Jackson
6693661,Timothy,Bowen
6711092,Chris,Fitzgerald
6722806,Destiny,Perkins
6722818,Leslie,Mccormick
6730063,Karen,Avila
6736307,Michelle,Garcia
6770382,Jeremy,Barrett
6774354,Chad,Cantu
6781732,Cory,Moore
6784506,Sheri,Oconnell
6799150,Frank,Reyes
6816328,Charlotte,Schroeder
6816554,Karen,Mcknight
6818751,Katie,Silva
6827902,Meredith,Rivas
6827914,Karla,Lawrence
6832983,Timothy,Wright
6840011,April,Howell
6844474,Dawn,Mccarthy
6851381,Jerry,Cohen
6871745,Ashley,Hensley
6895308,Karla,Leon
6903309,Natasha,Williams
6915283,Heidi,Warren
6928584,Jasmine,Kelley
6931375,Ariel,Sherman
6944433,Brandy,Small
6944787,Kelly,Matthews
6949097,Sarah,Taylor
6964625,Laura,Roman
6976114,Michael,Brown
6979632,Isabel,Perez
6992578,Darren,Williams
6993682,Susan,Miranda
7003502,Matthew,Gonzalez
7013016,Brian,Horn
7033920,Connie,Mayer
7038627,Michelle,Parker
7038954,Jessica,Morton
7041630,Denise,Sanders
7049661,Shawn,Ayala
7062138,Anna,Carr
7075300,Marcus,Mason
7076955,Matthew,Reed
7101162,Michele,Gonzalez
7117225,Brooke,Lopez
7129474,Lisa,Warren
7141971,Samantha,Nichols
7143933,Steven,Gomez
7153063,Christopher,Fox
7160857,April,Gomez
7174201,Ryan,Quinn
7198967,Daniel,Conley
7201628,Charles,Edwards
7210287,Ashley,Lewis
7218465,Joseph,Turner
7219832,Danielle,Bennett
7236110,Roy,Brown
7245730,Joseph,Gardner
7249376,Bobby,Weaver
7249427,Matthew,Adams
7252514,Morgan,Lewis
7267067,Paige,Jones
7281411,Charles,Smith
7296236,Kelly,Bruce
7302534,Calvin,Lindsey
7306349,Megan,Branch
7331716,Jennifer,Andrews
7335012,Amber,Garcia
7362804,Heather,Thornton
7375454,Trevor,Weber
7390761,Karen,Williams
7392246,Bobby,Evans
7392461,Bryan,Lewis
7394119,Larry,Zimmerman
7395294,Marvin,Nash
7399502,Anthony,Roberts
7412225,James,Conway
7420783,Kelly,Clark
7443505,Brian,Garcia
7448200,Travis,Ingram
7455422,Renee,Bailey
7458326,Rebecca,Reed
7459225,Maria,Garcia
7489861,Dawn,Moreno
7500680,Rachel,Schultz
7507316,Patrick,Bartlett
7527702,Tara,Garcia
7539510,Arthur,Cooke
7547137,Logan,May
7552386,Darren,Gilbert
7566525,Jennifer,Harper
7590435,Matthew,Page
7595958,Elizabeth,Patel
7603253,Michael,May
7626558,Stephanie,Davis
7644298,Gina,Pierce
7652350,Kyle,White
7685809,Caitlin,Wilson
7686423,Adrian,Miranda
7739559,Michael,Daniels
7751680,Hannah,Garza
7754518,Meredith,Ramirez
7762249,Curtis,Hernandez
7800666,Caitlin,Anderson
7808331,Ashley,Villegas
7817916,Desiree,Nguyen
7828783,Jared,Jackson
7834055,Nicholas,Robinson
7838314,Victor,Taylor
7840283,Wesley,Richards
7872075,Kathleen,Duncan
7879190,Ashley,Johnson
7880786,Cindy,Smith
7908453,Michael,Short
7943769,Marcus,Cooper
7945584,Anthony,Peters
7953481,Holly,Brown
7973451,Andrea,Villegas
7987222,Michael,Burnett
8012184,Jamie,Peterson
8017525,Denise,Thomas
8023504,Brian,Green
8034178,Elizabeth,George
8043457,Stephanie,Hall
8043631,Edward,Smith
8061273,Gilbert,Neal
8064083,Kimberly,Williams
8086369,Wendy,Owens
8107464,Clayton,Tran
8108510,Diana,Johnson
8125749,Paul,Smith
8126013,Robin,Lowe
8130428,Laura,Hansen
8144886,Robert,Adams
8158807,Heidi,Sutton
8190864,Elizabeth,Beasley
8231348,Zachary,Campbell
8233061,Joann,Randolph
8242728,Kimberly,Thompson
8245637,Dana,Lee
8271521,Tammy,Salas
8273723,Kathryn,Simpson
8276432,Eric,Keller
8282386,Jason,Bolton
8286954,Mark,Smith
8310232,Julie,Graves
8317191,Amanda,Martinez
8321213,Dawn,Flowers
8345477,Bobby,White
8363038,Courtney,Baker
8405202,Mariah,Dyer
8447678,Dalton,Sanchez
8449261,Elizabeth,Shaw
8453078,Charlene,Johnson
8500414,Albert,Hoover
8506071,Timothy,Thomas
8508444,Angela,Jenkins
8509577,John,Klein
8517659,Felicia,Cantrell
8521885,Donna,Bradley
8532170,Michael,Gallegos
8533593,Douglas,Buck
8539342,William,Moore
8549475,Jared,Walter
8577935,Melanie,Bailey
8584369,Nathan,Stokes
8584829,Jacqueline,Cooper
8608997,Jason,Sutton
8624564,Justin,Baker
8631882,Emma,Gonzalez
8647044,Timothy,Wilson
8663665,Ann,Malone
8664077,Vanessa,Smith
8705535,Kayla,Wolfe
8719029,Heather,Parker
8719416,James,Jenkins
8731799,Ernest,Barker
8741425,Amy,Schmidt
8774314,Joshua,Scott
8778804,Erin,Owens
8789737,Kimberly,Hays
8802448,Joseph,Vincent
8804458,Jamie,Gibbs
8807899,Angela,Stevenson
8814428,James,Hunter
8832361,Katherine,Harris
8879010,Crystal,Swanson
8889028,Shaun,Nguyen
8894761,Jake,Ryan
8901422,Justin,Fuentes
8933508,Brian,Hall
8960733,Rebecca,Gutierrez
8961457,Jesse,Patel
8973763,Aaron,Oconnor
8983711,Ebony,Freeman
8986611,Steven,Hanna
8991696,Cynthia,Gallegos
8996173,Tyler,Richmond
9027208,Courtney,Ewing
9091591,Susan,Barrett
9095303,Jacqueline,Gray
9099520,Olivia,Williams
9102395,James,Campbell
9116297,Patrick,Brown
9137401,Wendy,Thompson
9178897,Michelle,Miller
9185200,John,Ryan
9193333,Maxwell,Taylor
9198853,Christopher,Mckinney
9210324,Brittney,Cox
9222331,Tina,Martin
9227829,Wendy,Shepherd
9228673,John,Aguilar
9239751,Nicholas,Wilson
9243583,Courtney,Gonzalez
9244612,Kenneth,Williams
9261352,Brian,Morton
9267441,Elizabeth,Bell
9277975,Jeffrey,Walsh
9278712,Ronald,Lara
9290112,Eric,Ho
9323145,Nicole,Shaw
9324929,Nicholas,Cervantes
9326016,Austin,Smith
9350319,Angela,Christensen
9358786,Shannon,Morris
9392971,Tammy,Morales
9402923,Stephanie,Hart
9407706,Steven,Watkins
9415169,David,West
9448218,Kimberly,Dillon
9449982,Rodney,Waters
9458038,Michael,Yates
9490537,Charles,Hernandez
9498025,Anthony,Williams
9518827,Gilbert,Zamora
9525646,Clayton,Johnson
9529226,Sarah,Williams
9548677,Gabriel,Robinson
9570589,Connie,Malone
9577808,Annette,Fernandez
9579856,Jessica,Davis
9615074,Hannah,Davila
9629764,Phillip,Berg
9644407,Barbara,Townsend
9657779,Seth,Lambert
9679142,Scott,Rhodes
9696587,Tiffany,Boyle
9699624,Jennifer,Jones
9757922,Roger,Marshall
9792381,Ann,Ramirez
9792891,Cameron,Sanchez
9800520,Brittany,Rogers
9805902,Matthew,Walton
9814959,Benjamin,Rivera
9847921,Matthew,Brown
9847981,Charles,Molina
9851507,Jennifer,Mendoza
9872400,Latoya,Riddle
9896912,Nathan,Booker
9908824,Catherine,Gray
9923424,Thomas,Marquez
9929186,Steven,Gonzalez
9934732,Mark,Schmidt
9940609,Mark,Lloyd
9974854,Michelle,Keller
10002428,Benjamin,Ellis
10012541,Michael,Griffin
10013130,Jeffrey,Odonnell
10023443,Jesse,Clark
10037966,Charles,Landry
10040554,Patricia,Bell
10068013,Rachel,Lester
10116881,Sarah,Martin
10180254,Taylor,Yu
10189139,Vanessa,Huang
10189543,Megan,Choi
10204961,Kyle,Bradford
10208091,Jeff,Trujillo
10213483,Regina,Duran
10216390,Madison,Tucker
10227761,Michael,Jenkins
10269070,Ronald,Vasquez
10281881,Shannon,Guerrero
10346363,Roberto,Mcclure
10351534,Kevin,Abbott
10355385,Richard,James
10367147,Alison,Williams
10367899,Brian,Ruiz
10402340,Lauren,Jenkins
10420344,Christine,Smith
10443083,Joseph,Johnson
10449302,Amanda,Hoffman
10454133,Bryan,Hill
10472391,Richard,Greene
10516522,Samuel,Knight
10561681,William,Buckley
10563375,Andrea,Jones
10569881,Victoria,Best
10574763,Ricky,Walker
10603631,Don,Shepherd
10606343,Kathleen,Baldwin
10630373,Thomas,Hall
10630768,Evan,Mooney
10632525,Richard,Thornton
10652387,Ashley,Scott
10654623,Cynthia,Hanson
10655410,Jill,Armstrong
10658173,Christopher,Thomas
10671073,Thomas,Kirk
10672940,Samantha,Clarke
10752898,Shelby,Rivera
10780665,Jennifer,Walker
10791534,Carol,Mendoza
10795342,Sarah,Gomez
10843382,Devin,Valencia
10847303,Jessica,Cline
10848049,Diamond,Crawford
10851687,Daniel,Torres
10891267,Joseph,Young
10940437,Brandon,Coffey
10974652,Amy,Boyd
10982811,Emily,Morgan
10997805,Bruce,Williams
11010368,Aaron,Arias
11028279,Amanda,Weber
11031291,Justin,Coleman
11048790,Kevin,Graham
11082577,Rebecca,Gutierrez
11122375,Adam,Benitez
11122589,Margaret,Miller
11132564,Betty,Jacobs
11146984,William,Sheppard
11147044,Richard,Mills
11156525,Nicole,Lawson
11172003,William,Baker
11179787,Kerri,Gardner
11198208,Allen,Price
11238736,Edward,Davis
11254468,Scott,Bennett
11255603,Cassandra,Short
11262144,Steven,Avila
11262545,Brenda,Petty
11277983,Maria,Brown
11340614,Amy,Johnson
11342272,Lisa,Lee
11343817,Jeffrey,Christian
11348501,Lydia,Hunter
11357119,Paul,Mcdaniel
11369846,Stacy,Berg
11404282,Elizabeth,Schneider
11430018,Raymond,Parker
11473579,Jonathan,Lowery
11479457,Patricia,Carey
11482823,Eric,Howard
11511404,Diana,Richards
11521094,Christopher,Gibson
11541593,Julie,Hansen
11547215,Amber,Ward
11647086,Jacob,Graham
11650026,Jacqueline,Walters
11658592,Jeffrey,Rodriguez
11667662,Luke,Greene
11711882,Kimberly,Wong
11721101,Douglas,Martinez
11753610,John,Walker
11795626,Pamela,Hill
11807701,Melissa,Greene
11824804,Charles,Reeves
11838056,Daniel,Macias
11854413,Elizabeth,Bartlett
11854705,Brandon,Warren
11867661,Melissa,Thomas
11868321,Lisa,Duncan
11933580,Melissa,Brown
11942663,Frank,Scott
11956782,Paul,Briggs
11964814,Crystal,Andrews
11972953,Angela,Barron
11977208,Matthew,Harrison
11987970,Melissa,Murphy
12015288,Michael,Arias
12027564,Kyle,Lopez
12033705,Daniel,Mitchell
12044998,Danielle,Garza
12077356,Gina,Smith
12090537,Claire,Miller
12183135,Erin,Bennett
12199712,Teresa,Nguyen
12201905,Kevin,Reese
12202578,Jennifer,Rodriguez
12231226,Richard,Morris
12239780,Bryan,Walker
12264997,Jonathan,Smith
12266134,James,Smith
12297678,Mark,Garcia
12317432,Alyssa,Smith
12344549,Lucas,Jones
12381498,Jessica,Anderson
12412427,Benjamin,Norris
12415691,Christine,Wyatt
12422702,Sara,Delgado
12501081,Zachary,Cortez
12521669,Nancy,Mercer
12565903,Timothy,Anderson
12579155,Melissa,Cox
12625740,Anthony,Abbott
12641432,Jamie,Lara
12644180,Veronica,Alexander
12698367,Joseph,Page
12699298,Lindsey,Banks
12732105,Melissa,Thompson
12757269,Erica,Johnson
12769084,Francis,Valdez
12774702,Bonnie,Lawrence
12786459,Brianna,Rivas
12787300,Alec,Diaz
12791313,Joshua,Bartlett
12793247,Justin,Crawford
12855854,Michael,Lawson
12855927,Michael,Crawford
12866185,Julie,Garcia
12873060,Robin,Cook
12900071,Angela,Farmer
12904592,Tanya,Harrison
12957874,Phillip,Gamble
12958350,Kenneth,Brock
12980792,Jason,Johnson
13023894,Michael,Bush
13032693,Ryan,Hunter
13053383,Cory,Powers
13054728,David,Bennett
13061442,John,Cruz
13151139,Michael,Olsen
13204867,Emily,George
13210017,James,Johnston
13224877,Ariel,Henry
13234920,Robert,Young
13250761,David,Shea
13327506,Holly,Smith
13340216,Gary,Avery
13341702,Michael,Mitchell
13430825,Kaitlyn,Johnson
13431548,Oscar,Mitchell
13432783,Wayne,Jackson
13440901,Rachael,Jackson
13452314,Caitlin,Oliver
13484986,Brett,Mitchell
13492658,Kim,Stevenson
13498357,Lori,Turner
13518535,David,Golden
13523635,Matthew,Bennett
13569734,Thomas,Gray
13578426,Robert,Evans
13612054,Pamela,Sparks
13643859,Jackie,Ford
13686767,Sandra,Rodriguez
13688811,Randall,Gonzalez
13689103,Tanner,Small
13731294,James,Flores
13732085,Michael,Hernandez
13742566,Stefanie,Olsen
13751801,Joseph,Lopez
13801924,Brittany,Freeman
13808615,Christopher,Hall
13827688,Zachary,Nunez
13841663,William,Greer
13892378,Mary,Bell
13958498,Ashlee,Brown
13963074,Kelsey,Douglas
13991962,Anthony,Bean
13993886,Jessica,Randall
14001302,Mary,Marks
14010859,Jared,Bush
14011262,Arthur,Morgan
14032635,Debbie,Duncan
14040626,James,Bartlett
14045999,Deborah,Gonzales
14077633,Kathryn,Erickson
14086968,Catherine,Burns
14178563,Tracy,Turner
14205883,Lisa,Davis
14254719,Martha,Howell
14287029,Mandy,Taylor
14293299,Ann,French
14295454,Ashley,Scott
14303072,Jerry,Smith
14324611,Jennifer,Hall
14348152,Connor,Jimenez
14465042,Natalie,Cummings
14465986,Troy,Welch
14481746,David,Lee
14492329,Patrick,Holmes
14512368,Charles,Jordan
14522457,Amy,Smith
14524877,Amy,Campbell
14558539,Nicole,Gilmore
14600316,Lori,Riddle
14611070,Michelle,Harrington
14629836,Patricia,Patrick
14633925,Amy,Hester
14641232,Robert,Hartman
14729412,Laura,Mendez
14738236,David,Chandler
14779986,Erik,Haas
14782097,Jacob,Adams
14800337,Anthony,Hanson
14809617,April,Barber
14894360,Eric,King
14896086,Travis,Harvey
14963514,Cynthia,Villegas
15039595,Angela,Lara
15053753,Cynthia,Mccoy
15077235,Steven,Rios
15081813,Kristine,Gonzales
15087246,Andrew,Schmidt
15108904,Lauren,Rivera
15119499,Marie,Choi
15124198,Justin,Robles
15132401,Jeremy,Patterson
15163158,Desiree,Vazquez
15164618,Donald,Rodriguez
15165321,Holly,Huang
15174567,Eddie,Walker
15208964,April,Johnson
15211621,Lisa,Ellis
15215271,Donald,Thompson
15225667,Grace,Boyd
15247035,Ryan,Little
15254839,Kathleen,Lang
15267292,Wanda,Mack
15274433,Thomas,Cook
15291096,Anne,Allison
15292472,Kristen,Garner
15296672,Kathleen,Mcgee
15299751,Patricia,Gomez
15328893,Justin,Nelson
15356257,Michael,Madden
15381133,Sarah,Lewis
15425240,Vincent,Saunders
15459232,Adam,Burke
15470259,Joseph,Bailey
15482957,Kimberly,Hogan
15500029,Scott,Walker
15516880,Daniel,Cole
15519226,Amanda,Rivera
15520459,James,Bennett
15556828,Matthew,Estrada
15559851,Timothy,Carter
15594089,Jill,Bowen
15604118,Melissa,Jones
15605156,Johnny,Barnett
15630828,Michael,Hahn
15672263,Judy,Phillips
15673224,Andrew,Lucas
15731417,Andrew,Kramer
15784616,Daniel,Smith
15796375,Scott,Thomas
15802504,Jack,Hughes
15815390,Leonard,Powell
15819629,Cory,Mejia
15860936,Victor,Chase
15960490,Kristina,Elliott
15992732,Debra,Mejia
16050504,Valerie,Armstrong
16087894,Jordan,King
16093104,Tricia,Gonzalez
16195567,Jessica,Hardin
16196357,Melissa,Boyer
16205347,Samuel,Key
16215512,Diana,Gay
16225393,Joseph,Shaffer
16234034,Jessica,Ford
16255963,Kim,Lewis
16272328,William,Smith
16303418,Sandra,Cordova
16317765,Ruth,Odonnell
16333287,Cynthia,Foster
16421860,Christopher,Chang
16424237,Jennifer,Foster
16435837,Patrick,Warner
16457137,Marcus,Bauer
16463761,Nancy,Barker
16486527,Meagan,Jimenez
16509221,Nicole,Brown
16536235,Brandi,Werner
16579334,Joseph,Miller
16684512,Timothy,Miller
16696852,Nancy,Brown
16698769,Vanessa,Bridges
16732751,Clarence,Perez
16810619,Rita,Scott
16833983,Alicia,Kelly
16859206,Valerie,Chen
16886932,Robert,Cooke
16895523,Kristi,Coleman
16897696,Carrie,Chavez
16949217,Ryan,Turner
16949315,Jon,Watson
16955115,Rachael,Ross
16958375,Vincent,Brown
16965056,Anthony,Williams
16981533,Jordan,Gray
16990153,Joe,Banks
17047533,Karen,Tran
17055274,Melissa,Castaneda
17066096,Laura,White
17083552,William,Ellis
17110313,John,Peterson
17147562,Mark,Ponce
17176105,Diana,Gonzalez
17214333,Shelby,Perry
17234899,Amber,Edwards
17237438,Cynthia,Scott
17279710,Annette,Henry
17282045,Elizabeth,Noble
17320551,Paula,Ruiz
17371009,Robert,Anderson
17395577,Jennifer,Reed
17418454,Christopher,Hines
17451329,Margaret,Wise
17458723,Robert,Miller
17462897,Sheila,Cross
17499500,Brianna,French
17515542,Regina,Chen
17553728,Wesley,Love
17556638,Nicole,Williams
17568568,John,Pineda
17580659,Kathryn,Moore
17613548,Brenda,Delgado
17613777,Tonya,Butler
17629731,Brenda,Williams
17642420,Theresa,Hernandez
17658775,Daniel,Myers
17701468,Theresa,Brown
17707970,Jake,Kelly
17776276,Anita,Mooney
17815006,Lisa,Alvarado
17859270,Kelly,Velazquez
17866170,Kristin,Grimes
17891721,Stephanie,Gallagher
17902428,Samantha,Atkinson
17907684,Krystal,Montgomery
17922930,Jesus,Austin
17942682,Richard,Stevens
17953358,Margaret,Mullins
17956268,David,Lopez
18001193,Julie,Fox
18017795,Jack,Fry
18021469,Tiffany,Bailey
18034966,Tiffany,Johnson
18036217,Edward,Bird
18075478,Amanda,Bush
18081659,Morgan,Duncan
18091849,William,White
18134739,Allison,Harrison
18177812,Ethan,Snyder
18195065,Leonard,Everett
18206447,Alexandra,Williams
18237322,Theresa,Decker
18285762,William,Smith
18298677,Taylor,Thomas
18382341,Kimberly,Freeman
18396400,Stephen,Glenn
18397812,Karen,Pacheco
18418353,William,Johnston
18487884,Tracy,Thompson
18495350,Todd,Jackson
18540185,Maria,Huang
18580260,John,Andrade
18628261,Kenneth,Carter
18680619,Charles,Elliott
18717127,Gregory,Olson
18730309,Amanda,Harris
18750162,Paul,Horn
18794911,Kristy,Crawford
18796807,Robert,Allen
18804826,Andre,Hartman
18813903,Kylie,Cook
18861641,Angela,Knight
18904049,Valerie,Allen
18917183,David,Gonzalez
19041254,Stephanie,Cooper
19043120,Marissa,Richards
19062863,Stephen,Moran
19067404,Diane,Bonilla
19085483,James,Davis
19095901,Danielle,Melendez
19146932,David,Allen
19205457,Stephanie,Cook
19221447,Bethany,Price
19222865,Aaron,Sellers
19228926,Lauren,Crawford
19247247,Timothy,Berry
19248632,Jessica,Todd
19325449,Diana,Shaw
19368877,Robert,Olson
19387473,Stacy,Reynolds
19446812,Jennifer,Stevens
19458370,Jim,Bailey
19495003,William,Smith
19497132,Rebecca,Wilson
19499097,Johnathan,Vazquez
19510785,Marie,Sanders
19569428,Carol,Rodriguez
19575593,Faith,Stanton
19579692,Melissa,Williams
19619206,Matthew,Torres
19639638,Rachel,Nelson
19668718,Nancy,Kane
19687824,Lisa,Vaughn
19699200,Kelly,Wallace
19706799,Jeremiah,Cooper
19734284,Tina,Long
19760476,Courtney,Patel
19794766,Victoria,Sharp
19797023,Kimberly,Douglas
19839100,Brandon,Robles
19839572,Sue,Pineda
19842194,Marilyn,Thomas
19845261,Heather,Baker
19858858,Ricardo,Bradley
19887379,Jeremy,Townsend
19899121,George,Booker
19918369,Brandon,Johnson
20008383,Ellen,Wilson
20027605,Richard,Young
20027649,Katherine,Saunders
20076123,April,Campbell
20099327,Leslie,Martin
20108681,Marie,Johnson
20137766,William,Larson
20161477,Anna,Barnes
20179882,Madison,Castro
20181187,David,Morris
20182948,Pamela,Joyce
20184474,Christopher,Kaiser
20195703,Jason,Rivera
20203062,Thomas,Lewis
20241965,Jennifer,Briggs
20268112,Luke,Lane
20276825,Sabrina,Clay
20303405,Christopher,Gallagher
20310728,Steve,Morgan
20311009,Joseph,House
20317320,Debra,Combs
20364056,Richard,Vargas
20365465,Ruth,Anderson
20414163,Heather,Moss
20422835,Julia,Sweeney
20486701,Matthew,Burke
20512372,Julia,Alvarez
20512704,Lauren,Phillips
20567966,April,Leonard
20568593,Victor,Faulkner
20573345,Matthew,Cooley
20651366,Stephanie,Perez
20696259,Jeremy,Phillips
20703714,Erik,Bush
20714103,Susan,Young
20756213,Benjamin,Oneill
20760546,Brittany,White
20770915,Charles,Bennett
20818139,Frederick,Hurley
20835508,Robert,Garner
20881078,Matthew,Clark
20907323,Stacey,Vaughn
20925917,Taylor,Lee
20936304,Maria,Snyder
20964456,Joseph,Jones
20992098,Tiffany,Avila
20999574,Jennifer,Ross
21014080,Sean,Bradley
21024195,Dawn,Valencia
21058575,Nicholas,Benton
21096932,Jason,Webb
21178213,David,Price
21179227,Robert,Duarte
21209163,Arthur,Mercado
21220489,Kevin,Long
21238813,Julian,Glass
21270175,Julia,Banks
21285975,Jason,Nelson
21296162,David,Franklin
21318566,Mitchell,Armstrong
21324816,Jesus,Morris
21364691,Robert,Holt
21374491,Jennifer,Parker
21431026,Samantha,Anderson
21456110,John,Smith
21457436,Jose,Cardenas
21514171,Curtis,Williams
21533942,Hector,Davis
21694316,Sharon,Coleman
21781312,Cynthia,Jenkins
21792828,Dakota,Bernard
21826849,James,Smith
21858935,Kevin,Fox
21900417,James,Li
21963514,Juan,Torres
21965811,Richard,Rogers
21967785,Haley,French
21993166,Gregory,Sosa
22073968,Stefanie,Collier
22097186,Calvin,Hinton
22176693,Ryan,Phillips
22181995,Christopher,Mason
22192823,Craig,Sloan
22244296,Justin,Holt
22252081,Dylan,Smith
22273662,Brian,Kelly
22273837,Joshua,Hamilton
22317213,Jessica,Lam
22321820,Brandi,Davis
22324342,Erica,Stevenson
22374109,Molly,White
22378877,Brandi,Davidson
22478798,Angela,Miller
22525377,Randy,Rice
22529933,Paul,Lee
22567019,Stephen,Williams
22583630,Kathryn,Rose
22584451,Andrew,Poole
22591305,Megan,Vargas
22634242,Antonio,Barnett
22638646,Christine,Sims
22642656,Carlos,Gonzales
22670177,Lisa,Brown
22675251,Derek,Schultz
22679983,Misty,Martinez
22722442,Mary,Lindsey
22722667,Brenda,Barnett
22758634,Adrian,Rose
22803848,Stephanie,Peterson
22810805,Lindsey,Yoder
22832688,Victoria,Levy
22850168,Alicia,Holloway
22889886,Clinton,Mendez
22916519,John,Rodriguez
22926621,Kathleen,Oliver
22954260,Scott,Gutierrez
23002806,Renee,Castro
23004820,Jacob,Francis
23043819,Martin,Miller
23065657,Veronica,Campbell
23081948,Gina,Ingram
23212242,Derrick,Booth
23262474,Tiffany,Armstrong
23287594,Carl,Curry
23293747,Anita,Moran
23298612,William,Ellis
23357657,James,Green
23407499,Kenneth,Alexander
23438803,Jamie,Kennedy
23452445,Adriana,Steele
23491425,Joel,Hill
23519941,Brooke,Cummings
23563401,Brenda,Bell
23572965,Sandra,Gomez
23649429,Taylor,Santos
23707222,Samuel,Benson
23715618,Jennifer,Burch
23729465,Denise,Mitchell
23734195,Corey,Green
23750476,Roger,Wise
23826666,Tyler,Brown
23844357,Matthew,Weaver
23858258,Frank,Dunn
23858815,Albert,Kane
23865045,John,Holmes
23885061,Christina,Larsen
23890986,Sonya,Williams
23905763,Ashley,Beasley
23931013,Kathleen,Baldwin
23931410,Steven,Gomez
23941450,Jose,Graham
23958834,Robert,Morales
23959284,Austin,Smith
23999491,Natalie,Hunter
24046615,Sonya,James
24099435,Angela,Cohen
24110557,Briana,Mejia
24121007,Shawn,Adams
24121325,Linda,Hudson
24122113,Holly,Lopez
24176141,Marc,Rios
24200746,Tracy,Chandler
24204736,Tiffany,Robinson
24219783,Carl,Jackson
24230415,Jennifer,Leon
24232597,Mary,Garcia
24283158,Douglas,Mcintosh
24301219,Brett,Mccall
24303112,Mary,Spencer
24314174,Benjamin,Haynes
24350871,Crystal,Harvey
24361913,Tina,Clark
24373623,Melissa,Gomez
24377074,Shannon,Hughes
24393367,Christopher,Roth
24396830,Justin,Bolton
24410125,Rachel,Hill
24416580,Valerie,Payne
24493179,Ryan,Hensley
24511899,Christina,Bonilla
24542255,Michael,Jones
24617717,Jennifer,Patterson
24626185,Stacey,Chavez
24631742,Larry,Key
24664309,James,Robinson
24670484,Kimberly,Jimenez
24901472,Elizabeth,Porter
24934812,Karen,Kim
24961508,Kyle,Jones
24961886,Sharon,Gordon
24966400,Jessica,Young
25009427,Natalie,Brennan
25039133,Andrew,Stephens
25076323,Kirsten,Horne
25217764,Patrick,Byrd
25234477,Andrew,Carney
25253367,Matthew,Calhoun
25376209,Katherine,Conway
25390189,James,Washington
25399171,William,Mccoy
25400569,William,Jimenez
25452443,Mark,Rowe
25505602,Roger,Horton
25530398,Jonathan,Collier
25534543,Terri,Brown
25576680,Chris,Coleman
25631940,Pamela,Foster
25677758,Anthony,Wood
25678375,Michael,Scott
25686586,Emma,Jackson
25725844,Carolyn,Hammond
25759129,Richard,Jacobs
25771854,Joseph,Vasquez
25814074,Derek,Ward
25840862,Michael,Johnson
25861095,Katie,Wade
25862558,Juan,Adams
26050860,Michele,Walker
26050975,Carrie,Moore
26075147,Daniel,Horton
26111028,Thomas,Austin
26123096,Tina,Rodriguez
26227942,Jennifer,Smith
26283499,Christina,Nelson
26323945,Aaron,Stevens
26337566,Aaron,Williamson
26343766,Brenda,Bates
26350842,Becky,Lee
26364241,Anthony,Brown
26368251,David,Gross
26373823,Melissa,Rollins
26552021,Matthew,Phillips
26654650,Lisa,Mcknight
26667094,Scott,Santos
26723759,Audrey,Taylor
26784688,Elizabeth,Saunders
26814787,Michael,Neal
26865199,Michael,Kline
26893779,Judy,Ellis
27007125,April,Martinez
27029574,Kevin,Webb
27300404,Wendy,Hudson
27305583,Jessica,Gonzalez
27329950,Glenn,Castillo
27356093,Elizabeth,Whitaker
27372124,Amanda,Garcia
27393532,Dana,Parker
27399179,Katherine,Gray
27422854,Timothy,Salazar
27553902,Brenda,Jackson
27716963,Rita,Mcdowell
27742976,Rhonda,Frazier
27794875,Kevin,Armstrong
27821266,Carlos,Bowen
27868614,Joshua,Smith
27899202,Alfred,Khan
27909955,Joshua,Washington
27991187,Matthew,Young
28015068,Jane,Snyder
28027088,Anna,Stewart
28114043,Nicholas,Mayer
28145474,Jeffrey,Mahoney
28151138,Anthony,Davis
28165811,Ana,Mcdowell
28234845,Betty,Smith
28319810,Calvin,Edwards
28326014,Nathan,Patterson
28479254,Bruce,Taylor
28480130,Joseph,Rogers
28497889,Danielle,Chambers
28512115,Steven,Cook
28629601,Charles,Tucker
28736783,Dawn,West
28749156,Jessica,Richardson
28792435,Jose,George
28853564,Rodney,Hansen
28873611,Brittney,Duncan
28883108,Jessica,Mathews
28990996,Lisa,Maldonado
29103551,Juan,Lyons
29124686,Richard,Underwood
29168128,Alexander,Lopez
29213923,Debra,Smith
29339907,Joseph,Patterson
29374880,Selena,Adams
29405986,Kim,Leon
29430255,Kristin,Cox
29505977,Ana,Walker
29522205,Denise,Lawrence
29527841,Cody,Bryant
29582563,Brenda,Beck
29757208,Jamie,Smith
29781425,Andrea,Brown
29897358,Karen,Rodriguez
29935158,Richard,Walker
30020365,Justin,Cook
30095505,Toni,Thomas
30114431,Phillip,Keller
30135418,Joel,Newton
30141182,Catherine,Brown
30301345,Taylor,Estes
30344031,Matthew,Johnson
30404374,Justin,Gill
30462008,David,Collins
30490494,Evan,Flores
30512859,Andrew,Moody
30540284,Brendan,Nguyen
30666769,Dana,Riley
30710619,Luis,Mccoy
30747862,Theresa,Patterson
30786667,Melissa,Peterson
30857675,Jon,Johnston
30927825,Victoria,Smith
30988318,Aaron,Patrick
30990786,Anthony,Jenkins
31117287,Lindsey,George
31257521,John,Oneal
31291564,Cynthia,Brown
31307647,Spencer,Torres
31331400,Adam,Vega
31394586,Eric,Mcmahon
31527002,Jason,Thomas
31544778,Amanda,Russell
31575413,Michael,Howard
31618432,Lisa,Peters
31643113,Benjamin,Romero
31760682,Robin,Coleman
31836562,Christopher,Henderson
31873824,Dawn,Randall
31933338,Charles,Hays
31981411,Ashley,Cunningham
32004893,Sara,Howard
32019924,William,Kelly
32083108,Pamela,Brown
32192406,Christina,Nguyen
32222127,Stephanie,Watson
32257995,Christopher,Butler
32292646,Christopher,Carr
32354675,Samantha,Rivera
32379144,Logan,Waller
32429175,Kyle,Ross
32483419,Jennifer,Odonnell
32513744,Alicia,Herring
32539491,Jose,Martinez
32585962,Christine,Gordon
32708453,Christopher,Cobb
32742344,Stacie,Marshall
32840899,Johnny,Cook
32898778,Donald,Lopez
32950927,Lori,Jackson
32974409,Jessica,Cummings
33032309,Elizabeth,Warren
33077252,Ricky,Medina
33181778,Robin,Sweeney
33464925,Debbie,Smith
33490312,David,Rice
33585551,Desiree,Wagner
33588192,Alexander,Gonzales
33661163,Kevin,Day
33793795,Stephen,Russell
33876668,Christopher,Sanchez
34053066,Jeffrey,Walker
34105584,Tommy,Porter
34108622,Nancy,Cantrell
34217435,Benjamin,Melendez
34266226,Kathleen,Smith
34370012,Lisa,Hill
34398835,Cindy,Adams
34453021,Benjamin,Smith
34461005,Bianca,Espinoza
34465368,Dawn,James
34470870,Nancy,Lawrence
34471227,Whitney,Calderon
34498197,Karen,Perkins
34618054,Heidi,Lutz
34631627,Lawrence,Parks
34657407,Marco,Lucero
34812746,Michael,Lee
34897007,Kelsey,Lane
34924045,Kara,Hobbs
35251371,Connor,Robinson
35285501,Alex,Morgan
35333015,Ryan,Robinson
35544388,Brendan,Ward
35648939,Jared,Campbell
35685511,Michael,Mckenzie
35756223,Keith,Blackburn
35771648,Jacqueline,Wheeler
35782099,Jessica,Stein
35818461,Angel,Scott
35822427,Julia,Reese
35848951,Cory,Patterson
36005200,Sara,Reilly
36071943,Matthew,Myers
36115254,Andrea,Mccullough
36262676,Heather,Gill
36267648,Michelle,Lopez
36305812,Thomas,Marquez
36366613,Jeanette,Hernandez
36494912,Donna,Rodriguez
36524359,Yolanda,Reed
36546884,Colin,Turner
36799930,James,Harris
36801317,Catherine,Green
36868368,Samuel,White
36878220,Judy,Hernandez
37069892,Michael,Pearson
37131710,Cathy,Velazquez
37154775,David,Livingston
37160168,Tina,Smith
37309699,Michael,Mcfarland
37365269,Daniel,Wilson
37373470,John,Bush
37410663,David,Avery
37610792,Angela,Ferguson
37625599,Deborah,Blair
37678767,Laurie,Sims
37679099,Morgan,Gonzalez
38114656,Aaron,Graham
38198560,Jonathan,Preston
38271759,Michelle,Stewart
38314644,Katherine,Matthews
38336270,Anthony,Martinez
38346906,James,Lewis
38353859,Casey,Atkinson
38362657,Lindsey,Thomas
38363116,Samantha,Wright
38462168,Isaac,Moore
38623056,Mary,Garcia
38838269,Nicole,Harper
39090221,Elizabeth,Shaw
39237841,Sandra,Oconnor
39360856,Michael,Myers
39534053,David,Meyers
39629317,Danielle,Rodriguez
39668491,Zachary,Craig
39764556,Margaret,Valdez
39829336,Sara,Oconnor
39831133,Amy,Richardson
39905639,Nicholas,Aguilar
39928435,Terri,Harris
40013665,Steven,Knapp
40051000,Brenda,Smith
40070063,Leslie,Mora
40476656,Marie,May
40702883,Nathan,Byrd
40911050,Brittany,Johnson
41033831,Nancy,Roman
41265593,Alexandra,Moody
41292683,Roy,Keller
41295241,Douglas,Jordan
41393675,Lisa,Hicks
41543622,Tonya,Lopez
41577902,William,Wood
41736979,Ashley,Cook
41879656,Katrina,Nielsen
41886292,Debra,Moore
42105266,Elizabeth,Parker
42188835,Donna,Perez
42418558,Tina,Parks
42460857,Matthew,Barron
42535865,Gary,Baker
42537364,Ricardo,Hernandez
42668726,Rachel,Beck
42717390,Jim,Smith
42874927,Joyce,Mitchell
42885341,John,Casey
43020453,Kevin,Cruz
43307326,David,Harper
43435335,Jimmy,Benson
43475383,Garrett,Morgan
43672953,Lisa,Rodriguez
43680648,Jasmine,Gomez
43800573,Abigail,Olson
43814821,Adam,Harris
43838849,Darren,Trevino
43932482,Stephanie,Brown
43937512,Lisa,Flores
43994575,Amanda,Wilson
44029304,Nathan,Young
44109549,Donald,Bryant
44109784,Jessica,Sexton
44114642,Eric,Gutierrez
44526733,Michelle,Davis
44677306,Annette,Holland
44692374,Gary,Jones
44838305,Brandon,Leon
44883018,Travis,Thomas
44936919,Philip,Myers
44954296,Briana,Gardner
45024120,John,Alexander
45051158,Bob,Johnson
45089570,Kenneth,Hartman
45194659,Michelle,Yates
45226818,Angela,Moore
45237493,Catherine,Crosby
45361974,Billy,Davis
45368325,Emma,Griffith
45401829,Derek,Brown
45465868,Megan,Smith
45592980,Rachel,Rose
45685704,Steven,Simpson
45713793,James,Hernandez
45756034,Earl,Weiss
45917301,Austin,Drake
46092813,Desiree,Reed
46145193,Joshua,Webb
46344038,Andrea,Crawford
46401175,Mark,Hester
46434085,Kyle,Hanson
46516796,Christopher,Clarke
46560209,Alexander,Bridges
46580343,Audrey,Young
46668718,Meghan,Hardin
46682250,Crystal,Andrews
46732840,Carl,Hamilton
46732913,Benjamin,Guzman
46764808,Karen,Drake
46786617,Patricia,Brown
46913349,Timothy,Mercado
46947461,Kimberly,Mitchell
47026353,Denise,Salinas
47137628,Maureen,Fuller
47240136,Charles,Robinson
47248367,Jamie,Cole
47379799,Evelyn,Pena
47443590,Kelly,Cooper
47727219,Walter,Frank
47729197,Eric,Young
47738328,Douglas,Daniels
47837311,William,Zimmerman
47858503,Jimmy,Bond
48012959,Robert,Blake
48087017,Rachel,Mccarthy
48126950,Patricia,Lee
48161122,Lucas,White
48188396,David,Smith
48571895,Glenda,Jenkins
48603126,Kathleen,Hayden
48606258,Heather,Hendricks
48623834,Rachel,Andersen
48634386,Charles,Martinez
48649121,Rebecca,Robertson
48662559,Allison,Gibson
48776697,Kathleen,Mason
48839924,Troy,Johnson
48954014,Timothy,Johnson
48983339,Brian,Jackson
49081270,Ana,Davis
49151666,James,Smith
49179959,Monica,Patel
49264332,David,Knight
49301780,Michael,Norman
49555305,Joseph,Brooks
49726319,Melanie,Boone
49871771,Robert,Norris
49880457,Cindy,Lewis
49900000,Teresa,Morgan
50068292,William,Gallagher
50134530,Robert,Mitchell
50191360,Crystal,Jimenez
50370440,Andrew,Andrade
50435917,Daniel,Lindsey
50517370,Ronald,Ingram
50545525,Larry,Harris
50725895,Steve,Sanford
50748995,Tyler,Snow
51459962,Tammy,Jackson
51473364,Kenneth,Wiley
51512533,Christine,Kirk
51550764,Kristen,Rush
51617000,Kevin,Gay
51838360,Jeffrey,Clark
51850335,Andrea,Lee
51981046,Christina,Lopez
52127240,Laurie,Wagner
52154884,Juan,Clark
52282615,Beverly,Smith
52427236,Jeffrey,Harrell
52542977,Sandra,Sanders
52773603,William,Kane
52792496,Tina,Harrington
52909911,Gary,White
53170323,Susan,Stokes
53359747,Deborah,Hamilton
53481188,Jeremy,Galloway
53500915,Debra,Wade
53592196,Marc,Castaneda
53606863,James,Aguilar
53677148,Brian,Wilson
53805818,Martin,Wong
54021073,Patricia,Burgess
54093258,Jill,Baker
54190618,Karen,Farmer
54279839,Danielle,Roberts
54449761,Belinda,Simpson
54558807,Martha,Rojas
54615328,Michael,Johnson
54672615,Jeremy,Carlson
54714307,Jennifer,Johnson
54865094,Joseph,Myers
54947304,David,Welch
55008744,David,Watts
55252892,Michael,Mckenzie
55373260,Brandy,Sexton
55400860,Monica,Chen
55502789,Jessica,Riley
55744861,Ricardo,Roberts
55858038,Shawna,Wright
56116227,Kimberly,Hernandez
56257673,Nicholas,Olsen
56358026,Kevin,Williams
56493251,Kirsten,Patel
56647868,Thomas,Ramirez
56698502,Joseph,Skinner
56866788,Brenda,Willis
56897657,Nicholas,Simon
56921652,Janice,Smith
56961135,Chris,Jones
56979316,Tanner,Anderson
56986159,Steven,Smith
57087640,Natalie,Braun
57130019,Jonathan,Olson
57312092,Lacey,Leonard
57334675,Alexander,Wallace
57378778,Timothy,Gibson
57441494,Allison,Johnson
57454163,Lisa,Robles
57489843,Wanda,Hernandez
57643626,Nicole,Diaz
57644466,Sarah,Macdonald
57722456,Jamie,Patterson
57803386,Emily,Lang
57808385,Michael,Turner
58204096,Richard,Ford
58215113,Daniel,Vaughn
58234388,Monica,Bishop
58545870,David,Gomez
58664157,Arthur,Smith
58821536,Donald,Morris
58846047,Rachael,Wagner
58875239,Joshua,Lamb
58880215,Kyle,Ellis
58902182,Timothy,Kerr
59015085,Stephanie,Fernandez
59062206,Kathleen,Black
59172741,Diamond,Turner
59220312,Willie,Griffin
59277097,Daniel,Douglas
59699368,Lucas,Myers
59759695,Henry,Campos
59764353,Roy,Freeman
60078166,Robin,Foster
60231149,Ashley,Wheeler
60419483,Erica,Smith
60633239,Holly,Smith
60712411,Zachary,Diaz
60788878,Colton,Simpson
60805325,Keith,Zimmerman
60830490,Sonya,Davis
60976416,Melissa,Hurst
61131736,William,Davis
61211965,Mackenzie,Caldwell
61217184,Katherine,Archer
61242955,Nathan,Jackson
61362468,Tamara,Carlson
61635100,Daniel,Tran
61702828,Cody,Holden
61901738,Jesse,Mcdonald
61907830,Greg,Obrien
61955096,Billy,Mendez
62223324,Timothy,Gilbert
62543769,Thomas,Mcintyre
62619152,Stephanie,Rose
62912931,Cynthia,White
63478163,Antonio,Parker
63590335,Stephen,Harvey
63622303,Ricky,Rasmussen
64070021,Susan,Thompson
64148764,Anthony,Nichols
64150493,Ashlee,Ryan
64420004,Erica,Reed
64799993,Roberto,Bush
64806144,Bradley,Mclean
64955868,Christie,Keller
65239507,Rachel,Smith
65348033,Robert,Glover
65519181,Carly,Hartman
65973349,James,Vazquez
66454158,Brian,Reid
66549337,Kristina,Adkins
66567000,Julie,Richards
66630268,James,Webster
66672422,Christopher,Ware
66758695,Brandon,Winters
66899368,Edward,Andrews
66945761,Jeffrey,Lambert
67006975,Laura,Alvarado
67015445,Sydney,Aguilar
67028219,Catherine,Williams
67227376,Donna,King
67231335,Timothy,Love
67358918,Lori,Key
67420424,Marc,Lamb
67452218,Patricia,George
67630514,Scott,Reid
68165087,James,Rice
68675647,Lori,Schneider
68864256,Anthony,Jackson
69058430,Jessica,Bush
69255744,Timothy,Jones
69350375,Tony,Jones
69516237,Christopher,Banks
69558729,Deborah,Zimmerman
69600610,Rebecca,Cooper
69926307,Timothy,Larsen
70142473,Tracy,Murphy
70150494,Mercedes,Henry
70503116,Samantha,Bennett
70603949,Angela,George
70754195,Connie,Martin
70845046,Johnny,Bender
71186364,Eric,Spears
71262674,Emma,Boyd
71527778,Linda,Palmer
71754813,Shawn,Wright
72548085,Emily,Jones
72755029,Christian,Simmons
72861929,Sean,Smith
72987772,Ashley,Lewis
73195624,Scott,Harris
73772502,Ashley,Mitchell
74072117,Victoria,Garcia
74732494,Harry,Wilson
74882663,Ralph,Madden
75119919,Scott,Lopez
75505648,Scott,Young
75514029,Samuel,Kirk
75626371,Richard,Olson
75644706,Terri,Vang
75717496,Matthew,Miller
75957044,Eric,Hicks
76009769,John,Guerra
76178518,Sherry,Moreno
76193486,Jennifer,Hayes
76411796,Whitney,Williams
76700833,Nancy,Bishop
77099099,Kim,Banks
77130172,Kim,Hayes
77691578,Elizabeth,Kelly
77744309,Michelle,Curtis
77885541,Cameron,Blevins
77887438,Deborah,Weber
78086437,Judith,Banks
78455675,Trevor,Villanueva
78584806,Joshua,Vincent
78697649,Seth,Simpson
78997966,Rachel,Simpson
79009722,Mark,Parks
79504976,Cynthia,Miranda
79526026,Amanda,Rivera
79967157,Anna,Smith
80511981,Edwin,Vasquez
81355804,Perry,Watts
81454974,Michael,Thompson
81464246,Kelly,Schmidt
82515848,Jonathan,Thomas
83305525,Melissa,Harmon
83402187,Jerry,Fleming
83815852,Lisa,White
84195306,Frank,Hobbs
84230143,Timothy,Williamson
84245624,Jennifer,Hooper
84290945,Troy,Lawson
84306233,Shannon,Barnes
84384773,Ernest,Cantu
84544781,Mary,Padilla
85653367,Amanda,Mack
85992045,Paula,Williamson
86084709,Amy,Owens
86509625,Ernest,Rodriguez
86781126,Candice,Carr
86807175,Ethan,Garrison
86881468,Joseph,Orozco
87043625,Emily,Huynh
87091366,Juan,Nelson
87181403,Frank,Velasquez
87506484,Anthony,Hunter
87835984,Anthony,Cowan
88197948,Chelsea,Burton
88311122,Matthew,Bryant
88324951,Mary,Fitzpatrick
88850183,Tracy,Walker
88852047,Robert,Watson
89033640,Roger,Pearson
89080174,Joseph,Hayes
89604919,Thomas,Bishop
90118381,Brian,Martin
90296961,Lauren,Palmer
90331989,Kyle,Powell
90533151,Carolyn,Beck
90793241,Anna,Bates
90804489,Keith,Trevino
90987978,James,Davis
91328885,Cheryl,Mclaughlin
91992979,Paula,Gray
92177198,Hannah,Hines
92912308,Andrea,Allen
93141771,Kristen,Morris
93187396,James,Oconnor
93536634,Stephanie,Greer
93681683,Diane,Martin
93861135,Karen,Simpson
94095597,Christina,Boyer
94255250,Nathan,Daniel
94412657,Daniel,Hill
94876107,Nicholas,Stephens
94891385,Danny,Krueger
95011482,Kimberly,Glover
95284051,Tricia,Thompson
95554587,Francisco,Clark
95882008,David,Mitchell
96007599,Katherine,Mayo
96263788,Pamela,Gonzalez
96429373,Sean,Norris
96563561,Aaron,Cole
96974336,Timothy,Day
97134739,Joshua,Bright
97151530,Kevin,Johnson
97219415,Trevor,Kirby
97322311,Sara,Reynolds
97515330,Jacob,Gonzalez
97559550,Lonnie,Thompson
97620776,Dale,Miller
97867086,Denise,Martin
98166809,Taylor,Harris
98214886,Matthew,Smith
98541970,Luis,Schmidt
99188266,Michelle,Wells
99366646,Terrance,West
99405137,Stephanie,Hunt
99443176,Craig,Davis
99477857,Jack,Duncan
99480060,Thomas,Green
99658139,Michael,Walker
99904143,Patricia,Davidson
100503205,Christine,Larson
100660468,Crystal,Johnson
100791980,Samuel,Johnson
101722262,Jeff,Coleman
101754415,Jose,Garner
101894633,Ashley,Lee
102203279,Jasmine,Horne
102295571,Elizabeth,Garcia
102401164,Richard,Hobbs
102689351,Jonathan,Meyer
102911631,Jeffrey,Fleming
102937327,Anna,Lopez
103257917,Timothy,Holland
103339748,Robert,Cook
103396128,Crystal,Dennis
103455572,Sean,Villarreal
103526857,Ryan,Ramos
104080884,Christopher,Simmons
104152953,Stefanie,Smith
104304238,Travis,Villarreal
104349902,Mary,Lee
104459509,Patricia,Fisher
104778019,Benjamin,Gamble
105703797,Adam,Tucker
106444075,Joel,Schultz
106669653,James,Rocha
106706535,Randy,Cain
107483880,Karen,Middleton
107631558,Erin,Griffith
107646821,Michael,Dorsey
108327926,Matthew,Butler
108680845,Ashley,Phillips
108892177,Miguel,Landry
108980793,Amy,Mcfarland
109470979,David,Huffman
109533021,Lisa,Duran
109553982,Katherine,Henry
109562408,Mark,Orr
109698992,Charles,Carroll
110590855,Alexander,Thomas
110687389,Nancy,Hodges
110781307,Emily,Price
110967771,Melissa,Tran
111020242,Jennifer,Wolf
111260768,Haley,Snyder
111371413,Daniel,Freeman
111379488,Ellen,Hernandez
111436904,Karen,Hudson
111576865,Dwayne,Sandoval
112149910,Andrea,Jackson
112187756,Jeffrey,Parker
112304870,Samantha,Myers
112372600,John,Potter
112506496,Christina,Reed
112658057,John,Kramer
112851022,Sharon,Mata
112880220,Phillip,Arellano
113805602,Leslie,Stewart
113928747,Stephanie,Davis
114082175,Janice,Herman
114220474,Lisa,Barr
114629965,Randall,Simpson
114677589,Kayla,Hess
114710620,Gail,Phillips
114765766,Andrew,Williams
114824322,Tiffany,Martinez
115111232,Sabrina,Snyder
115586239,David,Thomas
115671172,Crystal,Garcia
117570461,Wanda,Richards
117599227,Frank,Mahoney
117956266,Adam,Rogers
117976002,Brittany,Collins
118569945,Charles,Parker
119323938,Brian,Valentine
119775263,Amanda,Walsh
119830856,Justin,Ingram
119982852,Roberto,Sanchez
120051150,Kayla,Brown
120081333,Brittany,Salinas
120542092,Gary,Bray
120769336,Jennifer,Garcia
120871463,Brian,Fox
121344294,Linda,Johnson
121644491,Stephanie,Campbell
121826995,Tammy,Ross
122011365,Jordan,Taylor
122040518,Mark,Collins
122185394,Robert,Chen
122417367,Laurie,Tucker
122421333,Austin,Owens
123435066,Diane,Parker
124063965,Sarah,Perez
124134520,Summer,Dodson
124833364,Blake,Garcia
125271303,Sean,Steele
125410119,Cathy,Owen
125615818,Matthew,Reed
126190742,Michele,Franklin
126243944,Brett,Dunn
127510325,Cassandra,Weaver
128009148,Heather,Bass
128126753,Danielle,Joseph
128488375,Bradley,Hernandez
128788259,Elizabeth,Peck
129835642,Monica,Bender
130307907,Deanna,Ortiz
130628976,Mary,Boyd
130732971,Jillian,Tanner
130771455,Derek,Santiago
131492959,Angel,Curtis
131638000,Douglas,Vazquez
131696766,Teresa,Martinez
131836474,Jonathan,Patterson
132152576,Robert,Benitez
132430870,Michele,Beck
132619424,Thomas,Evans
132866852,Michele,Wright
133118557,Chloe,Acevedo
133403132,Tracey,Fleming
134144031,Matthew,Garrett
134485455,Timothy,Jackson
134561154,Sharon,Giles
134588729,Jose,Freeman
134686362,Charles,Collins
135200158,Danielle,Mann
135505355,Richard,Bonilla
135618097,Toni,Hunter
136037624,Alexandra,Graham
136145237,Cathy,Adams
136487213,Ashley,Collier
136760776,Marissa,Young
137391204,Cameron,Pitts
137620114,Pamela,Black
137817419,Ryan,Smith
137907308,Caitlin,Sanders
137913512,Allen,Mcguire
138223303,Michael,Campbell
138670500,Andrew,Daniel
139504520,Dorothy,Strong
140107482,John,Johns
140873506,Todd,Lutz
141670590,Ricky,Collins
142037247,Sean,Wood
142116586,Nathan,Taylor
142378187,David,Flores
143049700,Carla,Mcdonald
143538497,Jeffery,Horn
145764827,Tonya,Fisher
145920787,Michael,Lopez
145961495,Samuel,Thompson
146183527,Gary,Scott
146699277,Patricia,Meyer
147383982,Cody,Walters
147421592,Sean,Landry
147537489,Joanna,Kennedy
147637656,Christopher,Vasquez
148173832,Pamela,Ferguson
148241486,Andre,Craig
148639475,Joseph,Kelly
149361685,Rachel,Cooper
149660333,Anna,Tucker
149689085,Robert,Booth
149693477,Matthew,Foley
149831559,Anita,Reynolds
149857031,Christopher,Harris
150477096,Richard,Carter
150832127,Jessica,Thompson
151124603,Mark,Johnson
151749478,James,Peterson
152561963,Michael,Garza
152736993,Mary,Wright
153396382,Barbara,Anderson
153602411,Amanda,Long
153695733,John,James
154382070,Jonathan,Valdez
154718569,Philip,Mcmahon
154969965,James,Quinn
154985769,Kristen,Williams
155413761,Brandi,Elliott
155884890,Daniel,Marquez
156145218,James,Clements
156187918,Ryan,Everett
156232559,Amanda,Munoz
156792374,Diane,Kelley
156946584,Luis,Finley
157889207,Cody,Webb
158098200,Stacey,Boyd
159750345,Karen,Williams
160632001,Christopher,Good
161828508,Jason,Cole
162624751,Brian,Brandt
162888447,Brittney,Soto
163248977,Gina,Brown
163275196,Brandon,Johnson
164378447,Rhonda,Hall
164764863,Jason,Mejia
164861570,Mark,Baldwin
165357811,Isabel,Lester
165652072,Brittany,Marshall
167422108,Stacy,Alvarado
167448344,Timothy,Horton
168120332,Deborah,Hall
168163607,Carl,Wood
168368667,John,Garcia
168380443,Emma,Miller
169562972,Shawn,Sawyer
170343853,Christopher,White
170353158,Darren,Evans
170574617,Cory,Allen
171655731,Sarah,Mitchell
172034374,Patrick,Burns
172225728,Michael,Alexander
172375178,Daniel,Hill
172510399,Thomas,Hancock
172968293,Sarah,Carpenter
173064043,Laura,Michael
173341341,Gregory,Bond
173943439,James,Schmidt
174224581,Rodney,Anderson
174329007,Alice,Villa
174709055,Thomas,Rubio
175292909,Christopher,Solomon
175474163,Makayla,Lewis
175519485,Kristen,Mooney
176362032,Aaron,Gutierrez
176537650,Robert,King
177034646,William,Kennedy
177330264,Gabriela,Smith
177374513,James,Grant
177641425,Tracey,Wood
178930121,Wanda,Richardson
178955291,Robert,Tyler
179608961,Daniel,Lawson
179970394,Jared,Cabrera
180023047,Elizabeth,Todd
180377067,Jennifer,Miranda
180948403,Allen,Johnson
181949632,Michael,Payne
181999839,Julie,Nelson
182279038,Laura,Green
182703031,Shannon,Brown
182841821,Susan,Johnson
184456381,Michael,Smith
185226831,Nicholas,Walker
185340581,Brian,Benitez
186156418,Anthony,Conley
186478596,Bryan,Vega
186747515,Sara,Schneider
187642988,Chad,Hicks
188037894,Joseph,Lopez
189374957,Jessica,Mcbride
189401854,Leonard,Rodriguez
189701605,Benjamin,Watson
190029832,Tracey,Terry
190850256,Sheila,Knapp
191008111,Heather,Wilson
191022406,Andrew,Rojas
191172779,Kathryn,Reed
191198235,Rebecca,Gentry
191330034,Tommy,Berger
192093595,Mikayla,Turner
192307632,Justin,Villanueva
192865673,Juan,Parker
193648780,Bruce,Cook
196825452,Nicole,Reese
196998921,Julia,Martinez
197467686,Tina,Walker
197548676,Melissa,Downs
197659826,Kathleen,Brown
200187100,Kendra,Wright
200274563,Angela,Vance
201177144,Brandon,Williams
205298292,Robert,Greene
206524187,Paula,Thomas
208637602,Robert,Hobbs
208658954,Phillip,Benton
209131739,Joshua,Murphy
209480339,Lisa,Snow
210688460,Trevor,Jones
211890501,Robin,Harris
212301156,Danielle,Mccarthy
212467852,Jennifer,Patterson
213001974,Megan,Davis
213555023,Ryan,Garcia
213825069,Tasha,Peterson
213830539,Valerie,Lopez
214863343,Lawrence,Watts
215549869,Timothy,Bennett
215624448,Joy,Stevens
215652331,Hannah,James
216110002,April,Willis
216963059,Marc,Stanley
217428006,David,Hill
217433658,Robert,Gonzalez
218191274,Sheri,Thompson
218623840,Michael,Kline
218726860,Paul,Lewis
219100793,Jill,Harris
219913873,Matthew,Morgan
219949284,Mark,Silva
220407007,Kayla,Johnson
220966081,Ronald,Rivera
221331417,Gregory,Benton
222074582,Thomas,Torres
222531623,Megan,Miller
224276903,Joseph,Cross
225220843,April,Copeland
225371712,Kristin,Campbell
225385073,Justin,Johnson
226222515,Holly,Ortiz
226248444,Elizabeth,Brown
226311141,Elizabeth,Mendoza
227171243,Erika,Flynn
227853645,Randy,Fox
227956594,Justin,Austin
229564053,Johnathan,Castro
230162891,Mary,Weiss
230947483,Jacqueline,Munoz
231962687,Nicholas,Wade
232508499,Michael,Rice
232874522,Darlene,Sanchez
234112539,Robin,Johnson
236554458,John,Montoya
237900225,Bradley,Miller
238536495,Michelle,Evans
239763269,Karina,Calderon
240571068,Richard,Palmer
240671527,Albert,Atkinson
241438353,Teresa,Silva
242342634,Luis,Mcmahon
242440982,Jerry,Hunter
242497872,David,Vang
242699900,Paul,Curry
243257096,William,Brown
244048549,Aaron,Maxwell
244709878,Steven,Soto
244932905,Lisa,Carr
245332633,Victoria,Brown
245397199,Kathryn,Patrick
246492560,Angela,Browning
246658177,Deanna,Wilkinson
246717827,Dean,Woodard
247287161,Amanda,Thompson
248796985,Benjamin,Wood
248984841,Amanda,Davidson
249219939,Scott,Arnold
250277548,Michael,Shelton
250976165,Abigail,Nelson
251837901,Erica,Lee
252853194,Harry,Peck
253283751,Dwayne,Ward
253685203,Jillian,Cruz
255422771,Melissa,Brandt
256986903,Christopher,Ellis
257263428,Anna,Miller
258430291,James,Barnes
258593979,Jessica,Santana
258797187,Thomas,Simmons
259423904,Katherine,Sutton
259656626,Nancy,Chandler
260371202,Amanda,Wright
260376750,Diane,Sexton
260974373,Gary,Cook
261873483,Christopher,Meyers
261962943,Monica,Gray
265883474,Catherine,Grant
265982457,Mary,Blevins
267870935,Courtney,Jacobson
279448126,Justin,Richardson
280843129,Lisa,Parker
282481454,Harry,Miller
286045132,Meghan,Ramirez
287965220,Alexis,Ramirez
288295601,Devin,Fletcher
289978896,Mary,Edwards
291018673,Ashley,Fitzpatrick
291163305,Katherine,Clarke
291816691,Emily,Ramsey
293723953,Allison,Schwartz
295195222,Amanda,Vincent
295997162,Austin,Underwood
296495337,Chad,Montgomery
296877583,Robert,Fleming
297034692,Thomas,Perkins
297849591,Ann,Reynolds
298603237,Elizabeth,Dyer
299678135,Tara,Brennan
300346848,Christine,Gutierrez
304989546,Adam,Ross
307926694,Alan,Castaneda
308352184,John,Odonnell
308757762,Susan,Massey
309296437,Tricia,Hunter
310436091,Ashley,Compton
311955647,Kevin,Cruz
313381170,Nicolas,Wright
313714363,Eric,Henry
315938799,Michele,Gill
317064017,Janet,Nguyen
326440781,Wanda,Bradley
328094543,Ethan,Ramirez
332105868,Jorge,Thompson
333528521,Laura,Carpenter
340941730,Scott,Brown
346366726,Sandra,Hill
346588639,Andre,Wall
348676073,Karen,Price
